Div,Date,Time,HomeTeam,AwayTeam,Referee,B365H,B365D,B365A,BWH,BWD,BWA,BFH,BFD,BFA,PSH,PSD,PSA,WHH,WHD,WHA,1XBH,1XBD,1XBA,MaxH,MaxD,MaxA,AvgH,AvgD,AvgA,BFEH,BFED,BFEA,B365>2.5,B365<2.5,P>2.5,P<2.5,Max>2.5,Max<2.5,Avg>2.5,Avg<2.5,BFE>2.5,BFE<2.5,AHh,B365AHH,B365AHA,PAHH,PAHA,MaxAHH,MaxAHA,AvgAHH,AvgAHA,BFEAHH,BFEAHA,B365CH,B365CD,B365CA,BWCH,BWCD,BWCA,BFCH,BFCD,BFCA,PSCH,PSCD,PSCA,WHCH,WHCD,WHCA,1XBCH,1XBCD,1XBCA,MaxCH,MaxCD,MaxCA,AvgCH,AvgCD,AvgCA,BFECH,BFECD,BFECA,B365C>2.5,B365C<2.5,PC>2.5,PC<2.5,MaxC>2.5,MaxC<2.5,AvgC>2.5,AvgC<2.5,BFEC>2.5,BFEC<2.5,AHCh,B365CAHH,B365CAHA,PCAHH,PCAHA,MaxCAHH,MaxCAHA,AvgCAHH,AvgCAHA,BFECAHH,BFECAHA
B1,08/11/2024,19:45,St Truiden,Mechelen,,2.45,3.4,2.75,2.4,3.6,2.75,2.4,3.5,2.75,2.44,3.71,2.79,2.5,3.5,2.6,2.44,3.65,2.76,2.5,3.71,2.8,2.42,3.54,2.75,2.54,3.7,2.9,1.62,2.25,1.65,2.31,1.71,2.33,1.63,2.25,1.69,2.38,-0.25,2.08,1.73,2.12,1.78,2.15,1.8,2.07,1.75,2.2,1.8,,,,,,,,,,,,,,,,,,,,,,,,,,,,,,,,,,,,,,,,,,,,,,,,
B1,09/11/2024,15:00,Kortrijk,Antwerp,,3.9,3.6,1.9,3.9,3.7,1.88,3.9,3.8,1.85,3.9,3.69,1.88,3.75,3.8,1.85,3.87,3.83,1.9,4.1,3.83,1.95,3.87,3.69,1.88,3.85,4,1.93,1.73,2.08,1.75,2.1,1.77,2.14,1.73,2.08,1.71,2.1,0.5,1.95,1.9,1.95,1.9,2.02,1.96,1.92,1.88,1.98,1.93,,,,,,,,,,,,,,,,,,,,,,,,,,,,,,,,,,,,,,,,,,,,,,,,
B1,09/11/2024,17:15,Dender,Oud-Heverlee Leuven,,2.9,3.4,2.35,2.9,3.25,2.45,3,3.2,2.38,3.09,3.24,2.37,2.9,3.25,2.38,3.07,3.35,2.37,3.14,3.4,2.45,2.99,3.26,2.38,3.15,3.25,2.42,2.1,1.7,2.11,1.73,2.15,1.77,2.1,1.71,2.12,1.74,0.25,1.8,2.05,1.82,2.05,1.85,2.14,1.78,2.03,1.81,2.06,,,,,,,,,,,,,,,,,,,,,,,,,,,,,,,,,,,,,,,,,,,,,,,,
B1,09/11/2024,19:45,Charleroi,Westerlo,,2.15,3.4,3.2,2.15,3.5,3.2,2.1,3.4,3.3,2.12,3.67,3.21,2,3.6,3.4,2.17,3.65,3.21,2.17,3.76,3.3,2.13,3.56,3.19,2.16,3.7,3.45,1.75,2.05,1.76,2.08,1.8,2.17,1.75,2.06,1.8,2.12,-0.25,1.88,1.98,1.86,1.99,1.9,2.04,1.85,1.94,1.87,2.05,,,,,,,,,,,,,,,,,,,,,,,,,,,,,,,,,,,,,,,,,,,,,,,,
B1,10/11/2024,12:30,Cercle Brugge,Anderlecht,,2.7,3.6,2.45,2.75,3.6,2.4,2.75,3.5,2.4,2.72,3.58,2.45,2.62,3.7,2.38,2.73,3.71,2.43,2.75,3.71,2.48,2.7,3.57,2.41,2.58,3.5,2.42,1.62,2.25,1.65,2.24,1.67,2.33,1.63,2.24,1.62,2.22,0,2,1.85,2.02,1.82,2.05,1.91,2.01,1.82,1.93,1.81,,,,,,,,,,,,,,,,,,,,,,,,,,,,,,,,,,,,,,,,,,,,,,,,
B1,10/11/2024,15:00,Gent,Standard,,1.73,3.7,4.5,1.77,3.7,4.5,1.75,3.6,4.5,1.77,3.63,4.58,1.7,3.8,4.5,1.78,3.74,4.58,1.81,3.86,4.8,1.75,3.66,4.53,1.79,3.85,5.1,1.98,1.88,1.97,1.85,1.98,1.93,1.94,1.84,1.98,1.93,-0.75,2,1.85,2.02,1.83,2.04,1.91,1.98,1.82,,,,,,,,,,,,,,,,,,,,,,,,,,,,,,,,,,,,,,,,,,,,,,,,,,
B1,10/11/2024,17:30,St. Gilloise,Genk,,2.45,3.4,2.75,2.5,3.4,2.75,2.4,3.3,2.8,2.57,3.33,2.73,2.3,3.5,2.88,2.53,3.53,2.71,2.6,3.53,2.85,2.48,3.37,2.75,2.6,3.6,2.92,1.85,2,1.86,1.96,1.88,2.05,1.83,1.96,1.87,2.02,0,1.77,1.97,1.85,1.98,1.86,2.06,1.82,1.99,,,,,,,,,,,,,,,,,,,,,,,,,,,,,,,,,,,,,,,,,,,,,,,,,,
B1,10/11/2024,18:15,Beerschot VA,Club Brugge,,7.5,6.5,1.29,9.5,6,1.28,10,6,1.22,8.61,5.89,1.28,10,6,1.25,9.95,6.04,1.28,10,6.5,1.29,9.02,5.97,1.27,10.5,6.6,1.27,1.44,2.7,1.44,2.74,1.46,2.88,1.43,2.73,1.46,2.72,1.75,1.85,2,1.83,1.99,1.91,2.05,1.82,1.97,,,,,,,,,,,,,,,,,,,,,,,,,,,,,,,,,,,,,,,,,,,,,,,,,,
D1,08/11/2024,19:30,Union Berlin,Freiburg,,2.45,3.25,2.9,2.45,3.1,3,2.5,3.2,3,2.55,3.19,3.11,2.5,3.1,3,2.56,3.3,3.11,2.56,3.3,3.15,2.52,3.18,3.04,2.6,3.25,3.15,2.38,1.57,2.46,1.61,2.51,1.65,2.41,1.59,2.54,1.64,-0.25,2.08,1.73,2.17,1.79,2.17,1.8,2.11,1.76,2.2,1.81,,,,,,,,,,,,,,,,,,,,,,,,,,,,,,,,,,,,,,,,,,,,,,,,
D1,09/11/2024,14:30,Bochum,Leverkusen,,9.5,6.5,1.27,9.25,6.25,1.28,10.5,7,1.22,10.94,6.8,1.24,9,6.5,1.29,9.4,7.24,1.3,11,7.24,1.3,10.15,6.68,1.26,11.5,7.2,1.28,1.3,3.5,1.32,3.31,1.32,3.73,1.29,3.54,1.33,3.8,1.75,2.04,1.86,2.05,1.84,2.09,1.93,2.01,1.83,2.1,1.86,,,,,,,,,,,,,,,,,,,,,,,,,,,,,,,,,,,,,,,,,,,,,,,,
D1,09/11/2024,14:30,Mainz,Dortmund,,3.5,3.6,2,3.4,3.7,2.05,3.5,3.7,2.05,3.48,3.74,2.08,3.5,3.75,2,3.63,4.02,2.04,3.63,4.02,2.1,3.46,3.74,2.06,3.65,3.85,2.14,1.62,2.3,1.6,2.45,1.65,2.5,1.59,2.4,1.61,2.48,0.5,1.84,2.06,1.83,2.09,1.85,2.1,1.82,2.05,1.87,2.14,,,,,,,,,,,,,,,,,,,,,,,,,,,,,,,,,,,,,,,,,,,,,,,,
D1,09/11/2024,14:30,St Pauli,Bayern Munich,,9,7,1.25,11,6.5,1.24,12,7,1.22,12.45,7.14,1.22,12,6.5,1.22,11.4,7.32,1.26,13,7.5,1.26,11.42,6.92,1.23,13.5,7.4,1.25,1.4,3,1.38,3.1,1.41,3.17,1.38,3.03,1.43,3.2,1.75,2.07,1.83,2.11,1.78,2.11,1.86,2.04,1.81,2.14,1.84,,,,,,,,,,,,,,,,,,,,,,,,,,,,,,,,,,,,,,,,,,,,,,,,
D1,09/11/2024,14:30,Werder Bremen,Holstein Kiel,,1.62,4.33,4.75,1.63,4.2,4.8,1.62,4.33,5,1.64,4.29,5.15,1.65,4.2,4.8,1.69,4.53,4.94,1.69,4.53,5.3,1.64,4.3,4.93,1.68,4.5,5.4,1.53,2.5,1.54,2.59,1.55,2.65,1.52,2.55,1.56,2.6,-1,2.06,1.84,2.07,1.85,2.11,1.85,2.05,1.82,2.11,1.86,,,,,,,,,,,,,,,,,,,,,,,,,,,,,,,,,,,,,,,,,,,,,,,,
D1,09/11/2024,17:30,RB Leipzig,M'gladbach,,1.57,4.33,5.25,1.55,4.5,5.25,1.6,4.5,5,1.6,4.67,5.11,1.57,4.5,5,1.64,4.79,5.1,1.64,4.8,5.5,1.59,4.59,5.08,1.66,4.6,5.4,1.4,3,1.42,2.95,1.44,3.02,1.41,2.92,1.44,3.05,-1,1.95,1.95,1.96,1.94,1.96,1.99,1.92,1.92,1.99,1.96,,,,,,,,,,,,,,,,,,,,,,,,,,,,,,,,,,,,,,,,,,,,,,,,
D1,10/11/2024,14:30,Augsburg,Hoffenheim,,2.05,3.75,3.25,2.1,3.75,3.1,2.05,3.8,3.3,2.11,3.85,3.33,2.1,3.75,3.2,2.14,4.02,3.34,2.15,4.02,3.37,2.1,3.79,3.25,2.16,4,3.4,1.57,2.38,1.58,2.49,1.59,2.55,1.55,2.45,1.58,2.58,-0.25,1.85,2.05,1.85,2.06,1.87,2.07,1.82,2.01,1.89,2.08,,,,,,,,,,,,,,,,,,,,,,,,,,,,,,,,,,,,,,,,,,,,,,,,
D1,10/11/2024,16:30,Stuttgart,Ein Frankfurt,,1.9,4,3.7,1.87,3.9,3.7,1.95,3.9,3.7,1.93,4.05,3.72,1.91,4,3.6,1xBet,1.95,4.27,1.95,4.27,3.85,1.91,4.04,3.65,1.99,4.1,3.85,1.44,2.75,1.46,2.8,1.48,2.88,1.45,2.72,1.5,2.88,-0.5,1.92,1.98,1.93,1.97,1.93,2,1.89,1.96,1.99,2,,,,,,,,,,,,,,,,,,,,,,,,,,,,,,,,,,,,,,,,,,,,,,,,
D1,10/11/2024,18:30,Heidenheim,Wolfsburg,,2.75,3.4,2.45,2.7,3.3,2.55,2.8,3.3,2.6,2.91,3.27,2.61,2.75,3.4,2.5,2.88,3.6,2.56,2.94,3.6,2.61,2.83,3.33,2.54,2.94,3.5,2.64,1.95,1.95,1.96,1.93,1.98,1.96,1.92,1.91,1.96,1.95,0,2.05,1.85,2.07,1.85,2.09,1.88,2.04,1.83,2.11,1.89,,,,,,,,,,,,,,,,,,,,,,,,,,,,,,,,,,,,,,,,,,,,,,,,
D2,08/11/2024,17:30,Braunschweig,Hamburg,,3.1,3.5,2.2,3,3.6,2.2,3,3.6,2.2,3.1,3.73,2.26,2.88,3.7,2.15,3.03,3.76,2.19,3.12,3.76,2.3,3,3.64,2.21,3.25,3.85,2.3,1.6,2.3,1.64,2.36,1.64,2.4,1.6,2.31,1.68,2.44,0.25,1.9,1.95,1.93,1.96,1.95,2,1.88,1.92,1.98,2,,,,,,,,,,,,,,,,,,,,,,,,,,,,,,,,,,,,,,,,,,,,,,,,
D2,08/11/2024,17:30,Nurnberg,Kaiserslautern,,2.1,3.6,3.3,2.1,3.7,3.25,2,3.6,3.3,2.11,3.8,3.38,2,3.7,3.25,2.13,3.5,3.36,2.13,3.82,3.5,2.08,3.65,3.3,2.14,3.9,3.5,1.53,2.4,1.56,2.54,1.58,2.61,1.53,2.43,1.63,2.56,-0.25,1.83,2.03,1.84,2.06,1.87,2.08,1.8,2.02,1.86,2.12,,,,,,,,,,,,,,,,,,,,,,,,,,,,,,,,,,,,,,,,,,,,,,,,
D2,09/11/2024,12:00,Darmstadt,Hertha,,2.2,3.6,3,2.2,3.75,2.95,2.1,3.75,3,2.2,3.92,3.05,2.15,3.8,2.88,2.2,3.8,2.99,2.25,3.95,3.1,2.18,3.78,2.97,2.24,3.95,3.2,1.53,2.4,1.57,2.48,1.58,2.55,1.53,2.42,1.58,2.54,-0.25,1.93,1.93,1.94,1.94,1.97,1.95,1.91,1.89,1.96,1.99,,,,,,,,,,,,,,,,,,,,,,,,,,,,,,,,,,,,,,,,,,,,,,,,
D2,09/11/2024,12:00,FC Koln,Greuther Furth,,1.38,5,7,1.39,5.25,7,1.33,5,7,1.37,5.67,7.44,1.35,5,7,1.37,5.4,7.2,1.4,5.8,7.46,1.37,5.32,7.04,1.39,5.8,7.4,1.4,2.88,1.41,3.02,1.42,3.03,1.39,2.89,1.43,3,-1.5,2,1.85,2.01,1.88,2.06,1.88,1.98,1.84,1.98,1.9,,,,,,,,,,,,,,,,,,,,,,,,,,,,,,,,,,,,,,,,,,,,,,,,
D2,09/11/2024,12:00,Magdeburg,Ulm,,1.85,3.8,3.9,1.87,3.75,3.9,1.85,3.7,3.9,1.9,3.8,3.99,1.85,3.7,3.7,1.92,3.78,3.74,1.92,3.82,4.01,1.88,3.74,3.84,1.93,3.8,4.4,1.73,2.08,1.75,2.1,1.79,2.14,1.74,2.07,1.75,2.1,-0.5,1.88,1.98,1.91,1.98,1.92,2.02,1.87,1.94,1.93,2.05,,,,,,,,,,,,,,,,,,,,,,,,,,,,,,,,,,,,,,,,,,,,,,,,
D2,09/11/2024,19:30,Fortuna Dusseldorf,Paderborn,,2.2,3.4,3.2,2.2,3.6,3.1,2.2,3.5,3,2.24,3.54,3.13,2.15,3.6,3,2.2,3.68,3.07,2.25,3.75,3.25,2.2,3.55,3.08,2.3,3.65,3.25,1.65,2.2,1.68,2.24,1.68,2.38,1.65,2.21,1.7,2.3,-0.25,1.93,1.93,1.95,1.92,1.96,1.96,1.9,1.9,1.98,1.97,,,,,,,,,,,,,,,,,,,,,,,,,,,,,,,,,,,,,,,,,,,,,,,,
D2,10/11/2024,12:30,Elversberg,Hannover,,2.7,3.6,2.45,2.65,3.6,2.45,2.75,3.4,2.4,2.87,3.45,2.44,2.7,3.5,2.38,2.76,3.68,2.38,2.91,3.68,2.55,2.76,3.49,2.42,2.86,3.7,2.5,1.65,2.2,1.67,2.24,1.71,2.28,1.65,2.19,1.65,2.3,0,2.05,1.8,2.1,1.78,2.11,1.85,2.04,1.8,2.12,1.84,,,,,,,,,,,,,,,,,,,,,,,,,,,,,,,,,,,,,,,,,,,,,,,,
D2,10/11/2024,12:30,Karlsruhe,Preußen Münster,,1.67,4,4.75,1.66,4.33,4.4,1.62,4.2,4.6,1.69,4.2,4.5,1.62,4.2,4.4,1.7,4.3,4.32,1.7,4.34,4.75,1.66,4.18,4.46,1.69,4.6,4.8,1.5,2.5,1.52,2.58,1.53,2.63,1.49,2.53,1.52,2.68,-0.75,1.88,1.98,1.88,1.97,1.9,2.05,1.83,1.97,1.85,2.05,,,,,,,,,,,,,,,,,,,,,,,,,,,,,,,,,,,,,,,,,,,,,,,,
D2,10/11/2024,12:30,Schalke 04,Regensburg,,1.57,4.2,5.25,1.55,4.33,5.5,1.57,4.2,5.5,1.62,3.96,5.46,1.55,4.2,5,1.62,4.25,5.05,1.64,4.45,6.05,1.59,4.13,5.32,1.62,4.5,5.5,1.65,2.2,1.68,2.21,1.68,2.38,1.64,2.23,1.67,2.32,-1,2,1.85,2.04,1.82,2.05,1.91,1.98,1.84,1.99,1.88,,,,,,,,,,,,,,,,,,,,,,,,,,,,,,,,,,,,,,,,,,,,,,,,
E0,09/11/2024,15:00,Brentford,Bournemouth,D Bond,2.5,3.5,2.7,2.4,3.6,2.8,2.55,3.6,2.63,2.59,3.56,2.73,2.5,3.5,2.75,2.55,3.69,2.76,2.61,3.7,2.8,2.53,3.59,2.72,2.62,3.75,2.8,1.62,2.3,1.63,2.39,1.63,2.47,1.6,2.39,1.64,2.52,0,1.89,2.01,1.9,2.01,1.9,2.06,1.86,2.01,1.93,2.05,,,,,,,,,,,,,,,,,,,,,,,,,,,,,,,,,,,,,,,,,,,,,,,,
E0,09/11/2024,15:00,Crystal Palace,Fulham,M Salisbury,2.7,3.5,2.55,2.6,3.4,2.7,2.7,3.4,2.63,2.79,3.44,2.6,2.7,3.4,2.62,2.72,3.57,2.65,2.82,3.73,2.7,2.7,3.48,2.61,2.9,3.5,2.68,1.95,1.95,1.94,1.94,1.99,1.96,1.93,1.91,2,1.97,0,1.99,1.91,2.03,1.88,2.03,1.95,1.96,1.91,2.06,1.93,,,,,,,,,,,,,,,,,,,,,,,,,,,,,,,,,,,,,,,,,,,,,,,,
E0,09/11/2024,15:00,West Ham,Everton,S Attwell,2.15,3.4,3.4,2.15,3.4,3.4,2.15,3.4,3.4,2.2,3.55,3.37,2.15,3.5,3.4,2.18,3.71,3.36,2.23,3.71,3.5,2.18,3.47,3.38,2.22,3.55,3.7,1.84,2.06,1.79,2.1,1.87,2.13,1.81,2.03,1.9,2.06,-0.25,1.88,2.02,1.88,2.03,1.89,2.05,1.85,1.99,1.9,2.08,,,,,,,,,,,,,,,,,,,,,,,,,,,,,,,,,,,,,,,,,,,,,,,,
E0,09/11/2024,15:00,Wolves,Southampton,T Bramall,1.91,3.75,3.75,1.95,3.7,3.7,1.91,3.8,3.8,1.99,3.84,3.7,1.95,3.75,3.7,1.99,3.94,3.72,2.01,4.13,3.8,1.96,3.84,3.67,1.99,3.95,4,1.67,2.2,1.67,2.3,1.72,2.34,1.66,2.26,1.71,2.38,-0.5,1.98,1.92,1.99,1.91,2,1.98,1.96,1.9,1.99,2,,,,,,,,,,,,,,,,,,,,,,,,,,,,,,,,,,,,,,,,,,,,,,,,
E0,09/11/2024,17:30,Brighton,Man City,S Barrott,4.1,4.2,1.73,4.33,4,1.77,4.33,4.2,1.75,4.49,4.18,1.74,4.4,4,1.75,4.33,4.33,1.77,4.6,4.33,1.8,4.34,4.17,1.75,4.6,4.4,1.79,1.53,2.5,1.56,2.53,1.57,2.63,1.53,2.5,1.55,2.68,0.75,1.95,1.95,1.95,1.95,1.98,2,1.91,1.93,1.98,2,,,,,,,,,,,,,,,,,,,,,,,,,,,,,,,,,,,,,,,,,,,,,,,,
E0,09/11/2024,20:00,Liverpool,Aston Villa,D Coote,1.42,5.25,6.5,1.44,5,6.25,1.4,5,6.5,1.42,5.45,6.7,1.44,4.8,7,1.44,5.35,6.98,1.45,5.5,7.4,1.42,5.26,6.7,1.46,5.5,7.2,1.44,2.75,1.44,2.87,1.45,2.98,1.43,2.83,1.47,2.98,-1.25,1.87,2.03,1.86,2.06,1.94,2.06,1.87,1.97,1.92,2.06,,,,,,,,,,,,,,,,,,,,,,,,,,,,,,,,,,,,,,,,,,,,,,,,
E0,10/11/2024,14:00,Man United,Leicester,P Bankes,1.38,5.5,6.5,1.38,5.25,7.5,1.36,5.5,7.5,1.39,5.34,7.62,1.4,5,7.5,1.41,5.39,7.7,1.43,5.6,8,1.39,5.35,7.46,1.4,6,8.2,1.44,2.75,1.5,2.69,1.51,2.8,1.46,2.72,1.5,2.86,-1.5,2.04,1.86,2.07,1.85,2.07,1.88,2.03,1.84,2.09,1.81,,,,,,,,,,,,,,,,,,,,,,,,,,,,,,,,,,,,,,,,,,,,,,,,
E0,10/11/2024,14:00,Nott'm Forest,Newcastle,A Taylor,2.7,3.3,2.7,2.7,3.3,2.65,2.6,3.4,2.7,2.71,3.29,2.78,2.62,3.4,2.7,2.68,3.57,2.69,2.75,3.57,2.82,2.69,3.31,2.72,2.78,3.4,2.86,1.97,1.93,1.94,1.94,2,1.96,1.94,1.9,1.97,1.96,0,1.95,1.95,1.93,1.97,1.95,1.98,1.93,1.93,1.96,2.03,,,,,,,,,,,,,,,,,,,,,,,,,,,,,,,,,,,,,,,,,,,,,,,,
E0,10/11/2024,14:00,Tottenham,Ipswich,D England,1.25,6.5,9,1.26,6.75,10,1.25,7,10,1.25,6.95,9.87,1.25,6.5,11,1.27,6.88,10.4,1.27,7.3,11,1.26,6.76,9.98,1.29,7.4,10.5,1.3,3.5,1.32,3.49,1.33,3.7,1.3,3.49,1.33,3.8,-1.75,1.85,2.05,1.83,2.07,1.9,2.07,1.83,2.01,1.9,2.05,,,,,,,,,,,,,,,,,,,,,,,,,,,,,,,,,,,,,,,,,,,,,,,,
E0,10/11/2024,16:30,Chelsea,Arsenal,M Oliver,2.7,3.4,2.55,2.8,3.5,2.45,2.8,3.4,2.55,2.75,3.53,2.59,2.75,3.5,2.5,2.75,3.72,2.54,2.8,3.72,2.59,2.75,3.49,2.53,2.94,3.5,2.64,1.73,2.1,1.72,2.21,1.76,2.26,1.71,2.17,1.78,2.24,0,2.02,1.88,2.01,1.9,2.05,1.9,2.01,1.86,2.1,1.9,,,,,,,,,,,,,,,,,,,,,,,,,,,,,,,,,,,,,,,,,,,,,,,,
E1,08/11/2024,20:00,Watford,Oxford,A Backhouse,1.67,3.7,5,1.71,3.75,4.8,1.67,3.8,5,1.7,3.92,5.12,1.7,3.9,5,1.72,3.82,4.8,1.75,4,5.2,1.7,3.82,4.92,1.74,4,5.5,1.93,1.93,1.95,1.93,1.96,1.96,1.9,1.9,1.97,2,-0.75,1.9,2,1.92,1.99,1.98,2.02,1.89,1.93,1.94,2.03,,,,,,,,,,,,,,,,,,,,,,,,,,,,,,,,,,,,,,,,,,,,,,,,
E1,09/11/2024,12:30,Cardiff,Blackburn,G Ward,2.3,3.4,3,2.3,3.5,2.95,2.3,3.3,3,2.35,3.47,3.06,2.38,3.4,3,2.33,3.46,2.99,2.38,3.6,3.12,2.32,3.45,3.01,2.46,3.5,3.15,1.95,1.9,1.94,1.93,2.02,1.93,1.93,1.88,1.99,1.91,-0.25,2.05,1.85,2.04,1.85,2.06,1.85,1.99,1.83,2.11,1.88,,,,,,,,,,,,,,,,,,,,,,,,,,,,,,,,,,,,,,,,,,,,,,,,
E1,09/11/2024,12:30,Middlesbrough,Luton,T Harrington,1.73,4,4.33,1.78,3.8,4.2,1.7,3.9,4.6,1.76,3.92,4.59,1.8,3.8,4.5,1.78,3.92,4.25,1.8,4,4.6,1.76,3.9,4.38,1.76,4.1,4.9,1.73,2.1,1.73,2.17,1.75,2.19,1.71,2.12,1.78,2.2,-0.75,1.99,1.91,1.98,1.91,2.02,1.95,1.95,1.87,1.97,1.98,,,,,,,,,,,,,,,,,,,,,,,,,,,,,,,,,,,,,,,,,,,,,,,,
E1,09/11/2024,12:30,Stoke,Millwall,J Bell,2.5,3.25,2.8,2.5,3.1,2.9,2.45,3.2,2.9,2.67,3.14,2.89,2.6,3.2,2.9,2.59,3.22,2.79,2.7,3.25,2.93,2.59,3.16,2.85,2.66,3.3,3,2.2,1.67,2.32,1.65,2.38,1.67,2.28,1.63,2.34,1.68,0,1.84,2.06,1.87,2.03,1.87,2.12,1.82,2.02,1.86,2.11,,,,,,,,,,,,,,,,,,,,,,,,,,,,,,,,,,,,,,,,,,,,,,,,
E1,09/11/2024,15:00,Derby,Plymouth,S Hooper,1.65,3.9,5,1.65,4,5,1.65,4.1,4.75,1.64,4,5.15,1.7,3.8,5,1.68,4,4.85,1.7,4.2,5.4,1.66,4,4.97,1.7,4.2,5.5,1.8,2,1.79,2.07,1.85,2.11,1.78,2.03,1.8,2.12,-0.75,1.85,2.05,1.83,2.04,1.87,2.06,1.82,2,1.88,2.09,,,,,,,,,,,,,,,,,,,,,,,,,,,,,,,,,,,,,,,,,,,,,,,,
E1,09/11/2024,15:00,Leeds,QPR,M Donohue,1.25,5.5,12,1.26,5.75,12,1.22,6,13,1.25,5.7,11.71,1.25,5.5,13,1.26,5.85,11.5,1.28,6.5,13,1.25,5.81,11.72,1.26,7,14,1.67,2.2,1.7,2.18,1.71,2.28,1.66,2.18,1.7,2.28,-1.75,2.04,1.86,2.03,1.83,2.06,1.88,2,1.83,2.03,1.86,,,,,,,,,,,,,,,,,,,,,,,,,,,,,,,,,,,,,,,,,,,,,,,,
E1,09/11/2024,15:00,Norwich,Bristol City,F Hallam,2.3,3.4,3.1,2.3,3.4,3,2.3,3.4,3.1,2.32,3.49,3.01,2.3,3.5,3.1,2.3,3.58,2.96,2.37,3.6,3.2,2.3,3.47,3.01,2.42,3.6,3.2,1.83,2.03,1.8,2.05,1.88,2.08,1.8,2.01,1.82,2.1,-0.25,2.02,1.88,2.03,1.85,2.04,1.92,1.98,1.84,2.08,1.9,,,,,,,,,,,,,,,,,,,,,,,,,,,,,,,,,,,,,,,,,,,,,,,,
E1,09/11/2024,15:00,Portsmouth,Preston,J Busby,2.8,3.4,2.4,2.8,3.3,2.5,2.88,3.25,2.45,2.9,3.27,2.51,2.9,3.3,2.5,2.89,3.32,2.47,2.95,3.4,2.55,2.87,3.31,2.47,3,3.4,2.62,2.1,1.73,2.13,1.74,2.15,1.79,2.08,1.75,2.16,1.8,0,2.11,1.79,2.09,1.8,2.13,1.81,2.06,1.78,2.14,1.85,,,,,,,,,,,,,,,,,,,,,,,,,,,,,,,,,,,,,,,,,,,,,,,,
E1,09/11/2024,15:00,Sunderland,Coventry,L Doughty,2.15,3.2,3.5,2.1,3.4,3.4,2.2,3.2,3.4,2.22,3.29,3.38,2.2,3.4,3.4,2.17,3.48,3.29,2.27,3.48,3.6,2.19,3.33,3.37,2.3,3.35,3.6,1.98,1.88,1.97,1.88,1.99,1.92,1.94,1.86,2.02,1.91,-0.25,1.9,2,1.92,1.95,1.94,2.02,1.87,1.95,1.97,2,,,,,,,,,,,,,,,,,,,,,,,,,,,,,,,,,,,,,,,,,,,,,,,,
E1,10/11/2024,12:30,Sheffield United,Sheffield Weds,L Smith,1.85,3.7,4,1.87,3.5,4.2,1.87,3.4,4.2,1.91,3.54,4.06,1.95,3.4,4.2,1.92,3.54,4.01,1.95,3.7,4.25,1.89,3.52,4.08,1.94,3.65,4.5,2.1,1.73,2.1,1.75,2.14,1.8,2.06,1.76,2.18,1.8,-0.5,1.91,1.99,1.92,1.93,1.93,2.02,1.99,1.94,1.95,2.03,,,,,,,,,,,,,,,,,,,,,,,,,,,,,,,,,,,,,,,,,,,,,,,,
E1,10/11/2024,13:00,Hull,West Brom,A Kitchen,2.7,3.3,2.6,2.65,3.4,2.6,2.75,3.2,2.63,2.72,3.22,2.69,2.75,3.3,2.62,2.68,3.34,2.61,2.8,3.4,2.76,2.72,3.26,2.64,2.86,3.5,2.68,2.1,1.73,2.08,1.76,2.2,1.8,2.07,1.74,2.12,1.8,0,1.99,1.91,1.93,1.92,2,1.92,1.95,1.88,2.06,1.91,,,,,,,,,,,,,,,,,,,,,,,,,,,,,,,,,,,,,,,,,,,,,,,,
E1,10/11/2024,15:00,Burnley,Swansea,D Webb,1.9,3.5,3.9,1.93,3.4,4,1.91,3.6,4,1.93,3.41,4.13,1.95,3.4,4.2,1.92,3.45,4.16,2,3.6,4.6,1.93,3.43,4.06,1.97,3.6,4.6,2.2,1.67,2.27,1.65,2.31,1.68,2.23,1.65,2.26,1.68,-0.5,1.98,1.92,1.94,1.91,1.98,1.97,1.93,1.91,,,,,,,,,,,,,,,,,,,,,,,,,,,,,,,,,,,,,,,,,,,,,,,,,,
E2,08/11/2024,19:15,Barnsley,Rotherham,T Kirk,2.05,3.5,3.5,2.1,3.4,3.3,2.05,3.4,3.6,2.12,3.45,3.59,2.1,3.4,3.5,2.09,3.54,3.45,2.13,3.54,3.61,2.09,3.4,3.41,2.16,3.55,3.7,1.95,1.9,1.97,1.9,1.98,1.95,1.91,1.87,2,1.9,-0.25,1.8,2.05,1.83,2.06,1.83,2.11,1.79,2,1.86,2.1,,,,,,,,,,,,,,,,,,,,,,,,,,,,,,,,,,,,,,,,,,,,,,,,
E2,09/11/2024,12:30,Burton,Shrewsbury,J Miles,2.2,3.4,3.1,2.2,3.3,3.1,2.2,3.4,3.2,2.31,3.35,3.19,2.3,3.4,3.1,2.27,3.44,3.12,2.33,3.45,3.2,2.23,3.33,3.14,2.32,3.55,3.3,2,1.85,2.01,1.85,2.04,1.87,1.95,1.82,2,1.84,-0.25,1.95,1.9,1.99,1.88,1.99,1.93,1.92,1.87,2,1.98,,,,,,,,,,,,,,,,,,,,,,,,,,,,,,,,,,,,,,,,,,,,,,,,
E2,09/11/2024,12:30,Wrexham,Mansfield,S Mather,1.73,3.7,4.5,1.73,3.8,4.33,1.73,3.8,4.6,1.76,3.89,4.52,1.8,3.75,4.5,1.76,3.92,4.39,1.8,4.1,4.52,1.73,3.77,4.35,1.82,4,4.6,1.85,2,1.79,2.07,1.85,2.14,1.75,2.03,1.77,2.2,-0.75,1.98,1.88,1.99,1.88,2,1.92,1.93,1.85,2.02,1.9,,,,,,,,,,,,,,,,,,,,,,,,,,,,,,,,,,,,,,,,,,,,,,,,
E2,09/11/2024,15:00,Birmingham,Northampton,C Brook,1.25,5.5,11,1.25,6,10.5,1.22,6,13,1.23,6,10.92,1.25,5.8,12,1.24,6.2,12,1.25,6.3,13,1.23,5.81,11.11,1.28,6.4,13,1.53,2.4,1.59,2.37,1.6,2.48,1.55,2.36,1.64,2.44,-1.75,1.95,1.9,1.94,1.89,1.98,1.93,1.91,1.87,1.98,1.94,,,,,,,,,,,,,,,,,,,,,,,,,,,,,,,,,,,,,,,,,,,,,,,,
E2,09/11/2024,15:00,Bristol Rvs,Lincoln,D Baines,3.1,3.4,2.2,3.1,3.4,2.2,3.1,3.4,2.3,3.26,3.39,2.21,3.25,3.3,2.25,3.19,3.5,2.21,3.32,3.5,2.3,3.17,3.34,2.2,3.35,3.6,2.28,1.9,1.95,1.92,1.92,1.94,2.01,1.88,1.88,1.9,1.89,0.25,1.88,1.98,1.93,1.92,1.95,2,1.88,1.9,1.99,1.97,,,,,,,,,,,,,,,,,,,,,,,,,,,,,,,,,,,,,,,,,,,,,,,,
E2,09/11/2024,15:00,Crawley Town,Huddersfield,S Simpson,4.1,3.8,1.75,4.2,3.75,1.75,4.4,3.75,1.75,4.43,3.81,1.75,4.33,3.7,1.8,4.29,3.88,1.78,4.6,3.92,1.84,4.24,3.74,1.76,4.7,4,1.81,1.8,2,1.78,2.05,1.82,2.07,1.77,2,1.8,2.06,0.75,1.83,2.03,1.86,2,1.86,2.08,1.81,1.98,1.89,2.01,,,,,,,,,,,,,,,,,,,,,,,,,,,,,,,,,,,,,,,,,,,,,,,,
E2,09/11/2024,15:00,Exeter,Charlton,M Corlett,2.4,3.6,2.7,2.45,3.3,2.75,2.4,3.5,2.8,2.49,3.29,2.87,2.5,3.25,2.88,2.49,3.36,2.81,2.51,3.6,2.97,2.44,3.32,2.79,2.66,3.4,2.9,2.05,1.75,2.05,1.77,2.05,1.81,2.01,1.76,2.02,1.76,0,1.83,2.03,1.79,2.08,1.87,2.08,1.8,2.02,1.88,2.08,,,,,,,,,,,,,,,,,,,,,,,,,,,,,,,,,,,,,,,,,,,,,,,,
E2,09/11/2024,15:00,Leyton Orient,Blackpool,E Bell,2.6,3.3,2.6,2.55,3.3,2.6,2.63,3.3,2.63,2.63,3.42,2.62,2.62,3.4,2.62,2.61,3.48,2.6,2.68,3.5,2.67,2.58,3.35,2.59,2.74,3.5,2.76,1.95,1.9,1.92,1.92,1.96,1.93,1.88,1.89,1.96,1.92,0,1.93,1.93,1.93,1.92,1.96,1.98,1.9,1.91,1.97,2,,,,,,,,,,,,,,,,,,,,,,,,,,,,,,,,,,,,,,,,,,,,,,,,
E2,09/11/2024,15:00,Peterboro,Cambridge,E Duckworth,1.7,4,4.33,1.68,4,4.4,1.73,3.9,4.5,1.72,4.02,4.32,1.73,3.9,4.5,1.74,4.05,4.35,1.75,4.2,4.6,1.71,3.95,4.33,1.84,4.1,4.4,1.65,2.2,1.66,2.25,1.67,2.28,1.64,2.2,1.68,2.28,-0.75,1.93,1.93,1.94,1.91,1.99,1.93,1.9,1.88,2.06,1.89,,,,,,,,,,,,,,,,,,,,,,,,,,,,,,,,,,,,,,,,,,,,,,,,
E2,09/11/2024,15:00,Stevenage,Reading,C Hicks,2.05,3.5,3.3,2.05,3.3,3.4,2.1,3.5,3.4,2.09,3.38,3.53,2.1,3.3,3.6,2.11,3.45,3.48,2.13,3.5,3.6,2.07,3.37,3.44,2.16,3.5,3.8,2.05,1.75,2.05,1.77,2.14,1.79,2.02,1.75,2.06,1.78,-0.25,1.83,2.03,1.82,2.05,1.84,2.06,1.79,1.99,1.86,2.11,,,,,,,,,,,,,,,,,,,,,,,,,,,,,,,,,,,,,,,,,,,,,,,,
E2,09/11/2024,15:00,Stockport,Bolton,D Rock,2.63,3.4,2.55,2.6,3.3,2.55,2.8,3.25,2.63,2.76,3.29,2.57,2.75,3.4,2.5,2.7,3.48,2.52,2.8,3.48,2.63,2.67,3.32,2.55,2.9,3.4,2.74,1.95,1.9,1.93,1.91,1.96,1.92,1.9,1.87,1.96,1.91,0,1.95,1.9,2,1.86,2,1.9,1.95,1.85,2.05,1.94,,,,,,,,,,,,,,,,,,,,,,,,,,,,,,,,,,,,,,,,,,,,,,,,
E2,09/11/2024,15:00,Wigan,Wycombe,R Madley,3,3.4,2.25,2.95,3.3,2.3,3.1,3.3,2.3,2.98,3.39,2.36,3,3.25,2.4,2.97,3.42,2.36,3.1,3.47,2.4,2.96,3.34,2.31,3.2,3.5,2.38,2,1.85,2.03,1.82,2.03,1.88,1.96,1.81,2.02,1.84,0.25,1.83,2.03,1.81,2.05,1.88,2.05,1.8,1.98,1.92,2.05,,,,,,,,,,,,,,,,,,,,,,,,,,,,,,,,,,,,,,,,,,,,,,,,
E3,09/11/2024,12:30,Harrogate,Morecambe,A Chilowicz,2.25,3.5,2.9,2.2,3.4,3,2.2,3.5,3.1,2.34,3.38,3.03,2.3,3.4,3.1,2.29,3.4,2.99,2.36,3.5,3.15,2.27,3.38,3,2.34,3.45,3.15,1.98,1.88,1.95,1.87,1.98,1.94,1.91,1.85,1.96,1.92,-0.25,2.03,1.83,2.03,1.83,2.08,1.88,1.97,1.82,2.05,1.87,,,,,,,,,,,,,,,,,,,,,,,,,,,,,,,,,,,,,,,,,,,,,,,,
E3,09/11/2024,12:30,Salford,Carlisle,R Joyce,1.91,3.6,3.6,2,3.4,3.5,2,3.5,3.7,1.93,3.55,3.88,2,3.5,3.75,1.93,3.6,3.71,2.33,3.6,3.9,1.97,3.51,3.65,1.98,3.6,3.9,1.9,1.95,1.89,1.93,1.94,1.97,1.87,1.89,1.87,1.91,-0.5,1.95,1.9,1.95,1.9,1.98,1.93,1.94,1.85,1.98,1.96,,,,,,,,,,,,,,,,,,,,,,,,,,,,,,,,,,,,,,,,,,,,,,,,
E3,09/11/2024,15:00,AFC Wimbledon,Grimsby,T Parsons,1.48,4.5,5.75,1.52,4.2,5.75,1.5,4.2,6.5,1.45,4.35,6.54,1.53,4,6.5,1.48,4.3,6.35,1.66,4.5,6.8,1.5,4.19,6.09,1.54,4.4,6.8,1.75,2.05,1.76,2.04,1.85,2.06,1.76,2,1.75,2.08,-1,1.83,2.03,1.78,2.07,1.93,2.08,1.82,1.96,1.84,2.04,,,,,,,,,,,,,,,,,,,,,,,,,,,,,,,,,,,,,,,,,,,,,,,,
E3,09/11/2024,15:00,Barrow,Colchester,O Yates,2,3.3,3.6,2.05,3.3,3.5,2.1,3.4,3.6,2.01,3.32,3.8,2.05,3.3,3.75,2.01,3.38,3.67,2.1,3.47,3.89,2.03,3.32,3.63,2.02,3.4,3.9,2.1,1.7,2.13,1.7,2.16,1.82,2.09,1.69,2.14,1.73,-0.5,2.03,1.83,2.02,1.83,2.06,1.83,2.01,1.78,2.03,1.86,,,,,,,,,,,,,,,,,,,,,,,,,,,,,,,,,,,,,,,,,,,,,,,,
E3,09/11/2024,15:00,Cheltenham,Bromley,S Oldham,2.55,3.4,2.55,2.55,3.3,2.65,2.63,3.3,2.63,2.68,3.25,2.62,2.7,3.25,2.62,2.61,3.36,2.57,2.72,3.4,2.78,2.59,3.28,2.63,2.76,3.35,2.7,1.98,1.88,1.95,1.85,2,1.92,1.93,1.83,1.94,1.83,0,1.93,1.93,1.93,1.9,1.94,1.95,1.89,1.9,2,1.91,,,,,,,,,,,,,,,,,,,,,,,,,,,,,,,,,,,,,,,,,,,,,,,,
E3,09/11/2024,15:00,Chesterfield,Accrington,D Drysdale,1.57,3.9,5.75,1.57,4.2,5,1.57,4.2,5.5,1.54,4.26,5.39,1.57,4.2,5.5,1.56,4.25,5.29,1.58,4.4,6,1.55,4.17,5.38,1.61,4.4,5.6,1.67,2.15,1.65,2.22,1.68,2.23,1.65,2.16,1.63,2.3,-1,1.98,1.88,1.93,1.9,2.02,1.9,1.92,1.85,1.99,1.85,,,,,,,,,,,,,,,,,,,,,,,,,,,,,,,,,,,,,,,,,,,,,,,,
E3,09/11/2024,15:00,Doncaster,Notts County,T Reeves,1.8,3.5,4.33,1.82,3.75,3.9,1.8,3.8,4.1,1.83,3.9,3.83,1.91,3.7,4,1.84,3.85,3.82,1.91,4,4.33,1.83,3.77,3.87,1.86,3.95,4.4,1.65,2.2,1.64,2.24,1.68,2.25,1.63,2.2,1.65,2.2,-0.75,2.03,1.78,2.08,1.76,2.09,1.78,2.04,1.75,2.07,1.83,,,,,,,,,,,,,,,,,,,,,,,,,,,,,,,,,,,,,,,,,,,,,,,,
E3,09/11/2024,15:00,Fleetwood Town,Bradford,M Woods,2.35,3.6,2.7,2.45,3.4,2.65,2.45,3.5,2.75,2.41,3.49,2.77,2.5,3.4,2.8,2.4,3.46,2.74,2.5,3.6,2.8,2.39,3.44,2.74,2.44,3.55,2.9,1.85,2,1.83,1.97,1.85,2,1.81,1.95,1.83,1.98,-0.25,2.05,1.75,2.09,1.74,2.1,1.78,2.07,1.73,2.12,1.86,,,,,,,,,,,,,,,,,,,,,,,,,,,,,,,,,,,,,,,,,,,,,,,,
E3,09/11/2024,15:00,Gillingham,Port Vale,L Swabey,2.88,3.4,2.35,2.95,3.25,2.35,2.9,3.4,2.38,3.03,3.18,2.39,3,3.2,2.45,3.01,3.22,2.37,3.15,3.4,2.5,2.96,3.23,2.37,3.1,3.25,2.44,2.2,1.65,2.21,1.66,2.24,1.66,2.19,1.64,2.2,1.68,0.25,1.8,2.05,1.79,2.07,1.82,2.08,1.77,2.01,1.81,2.07,,,,,,,,,,,,,,,,,,,,,,,,,,,,,,,,,,,,,,,,,,,,,,,,
E3,09/11/2024,15:00,Milton Keynes Dons,Swindon,S Gill,1.91,3.5,3.7,1.93,3.5,3.7,1.91,3.6,4,1.97,3.59,3.57,2,3.5,3.7,1.96,3.62,3.61,2,3.7,4,1.95,3.56,3.64,2.04,3.75,3.95,1.88,1.98,1.81,2,1.89,2.05,1.81,1.95,1.82,2,-0.5,1.98,1.88,1.99,1.85,2,1.9,1.93,1.86,2.04,1.94,,,,,,,,,,,,,,,,,,,,,,,,,,,,,,,,,,,,,,,,,,,,,,,,
E3,09/11/2024,15:00,Tranmere,Newport County,M Coy,1.7,3.5,5,1.71,3.7,4.6,1.73,3.75,4.75,1.68,3.8,4.72,1.73,3.7,4.8,1.72,3.78,4.55,1.74,3.88,5,1.71,3.7,4.67,1.78,3.75,4.9,1.93,1.93,1.87,1.93,1.93,1.94,1.86,1.9,1.87,1.94,-0.75,1.95,1.9,1.92,1.92,1.97,1.92,1.9,1.88,1.97,1.9,,,,,,,,,,,,,,,,,,,,,,,,,,,,,,,,,,,,,,,,,,,,,,,,
E3,09/11/2024,15:00,Walsall,Crewe,S Parkinson,1.67,3.6,5,1.7,3.7,4.8,1.67,3.75,5,1.67,3.77,4.88,1.73,3.6,5,1.7,3.76,4.74,1.73,3.8,5,1.68,3.69,4.82,1.71,3.85,5,1.95,1.9,1.93,1.88,1.95,1.92,1.9,1.85,1.89,1.89,-0.75,1.93,1.93,1.89,1.94,1.96,1.95,1.88,1.9,1.9,1.97,,,,,,,,,,,,,,,,,,,,,,,,,,,,,,,,,,,,,,,,,,,,,,,,
EC,09/11/2024,12:30,Aldershot,Wealdstone,E Swallow,1.95,3.6,3.3,2,3.3,3.1,1.95,3.4,3.3,2.04,3.66,3.43,1.95,3.5,3.3,2.01,3.48,3.37,2.05,3.66,3.43,2.01,3.52,3.32,2.02,3.2,3.1,1.8,2,1.83,2,1.83,2,1.79,1.96,1.71,1.84,-0.5,2,1.8,2.04,1.81,2.04,1.81,1.99,1.77,2.02,1.74,,,,,,,,,,,,,,,,,,,,,,,,,,,,,,,,,,,,,,,,,,,,,,,,
EC,09/11/2024,12:30,York,Hartlepool,J Mulligan,1.7,3.6,4.5,1.68,3.5,4.2,1.65,3.6,4.6,1.69,4.15,4.37,1.7,3.5,4.4,1.69,3.65,4.65,1.77,4.15,4.75,1.69,3.8,4.42,1.72,3.85,4.8,1.95,1.85,1.96,1.86,1.98,1.86,1.92,1.82,1.91,1.9,-0.75,1.95,1.85,1.91,1.93,2.02,1.93,1.9,1.85,1.93,1.93,,,,,,,,,,,,,,,,,,,,,,,,,,,,,,,,,,,,,,,,,,,,,,,,
EC,09/11/2024,15:00,Boston Utd,Dag and Red,S Copeland,3.3,3.7,1.95,3.2,3.5,1.93,3.4,3.5,1.91,3.42,3.77,1.95,3.4,3.5,1.91,3.41,3.62,1.95,3.45,3.81,2,3.33,3.66,1.96,3.3,3.55,1.94,1.65,2.2,1.66,2.21,1.75,2.21,1.66,2.14,1.65,2.16,0.5,1.83,1.98,1.85,1.97,1.85,2,1.8,1.95,1.83,1.94,,,,,,,,,,,,,,,,,,,,,,,,,,,,,,,,,,,,,,,,,,,,,,,,
EC,09/11/2024,15:00,Eastleigh,Braintree Town,G Rollason,2.05,3.5,3.25,1.98,3.3,3.1,2,3.3,3.25,2.03,3.79,3.21,2,3.4,3.25,2.05,3.5,3.25,2.07,3.79,3.35,2.02,3.55,3.22,2.06,3.5,3.35,1.75,2.05,1.76,2.05,1.83,2.06,1.76,1.98,1.76,2.02,-0.25,1.78,2.03,1.8,2.03,1.81,2.03,1.77,1.97,1.81,1.96,,,,,,,,,,,,,,,,,,,,,,,,,,,,,,,,,,,,,,,,,,,,,,,,
EC,09/11/2024,15:00,Fylde,Gateshead,M Barlow,4.1,3.75,1.73,4,3.7,1.68,4,3.6,1.7,4.09,3.83,1.77,4.33,3.8,1.65,3.98,3.8,1.76,4.33,3.91,1.78,4.09,3.77,1.73,3.75,3.5,1.8,1.62,2.25,1.65,2.21,1.66,2.25,1.62,2.2,1.55,2.06,0.75,1.83,1.98,1.81,2.02,1.86,2.02,1.8,1.94,1.79,2.02,,,,,,,,,,,,,,,,,,,,,,,,,,,,,,,,,,,,,,,,,,,,,,,,
EC,09/11/2024,15:00,Halifax,Woking,G Rhodes,2.05,3.3,3.5,1.98,3.25,3.25,2,3.25,3.4,2.07,3.47,3.38,2,3.3,3.4,2.04,3.3,3.45,2.1,3.47,3.6,2.03,3.34,3.35,2.18,3.35,3.6,2.1,1.7,2.13,1.69,2.13,1.73,2.07,1.7,2.04,1.73,-0.25,1.78,2.03,1.81,2.02,1.81,2.04,1.76,1.98,1.87,2.06,,,,,,,,,,,,,,,,,,,,,,,,,,,,,,,,,,,,,,,,,,,,,,,,
EC,09/11/2024,15:00,Maidenhead,Forest Green,Z Kennard-Kettle,3.7,3.6,1.9,3.3,3.5,1.87,3.4,3.6,1.9,3.27,4.17,1.91,3.2,3.5,2,3.54,3.62,1.91,3.7,4.2,2.05,3.32,3.8,1.93,3.45,3.8,1.88,1.7,2.1,1.7,2.14,1.76,2.15,1.69,2.08,1.69,2.08,0.5,1.9,1.9,1.89,1.93,1.93,1.95,1.85,1.9,1.9,1.88,,,,,,,,,,,,,,,,,,,,,,,,,,,,,,,,,,,,,,,,,,,,,,,,
EC,09/11/2024,15:00,Rochdale,Sutton,R Aspinall,1.85,3.6,3.8,1.8,3.4,3.7,1.8,3.5,3.8,1.87,3.53,3.96,1.8,3.5,3.8,1.85,3.54,3.84,1.9,3.65,4,1.85,3.52,3.82,1.85,3.4,3.95,1.9,1.9,1.9,1.9,1.9,1.92,1.87,1.87,1.84,1.88,-0.5,1.85,1.95,1.88,1.93,1.88,1.97,1.84,1.91,1.85,1.82,,,,,,,,,,,,,,,,,,,,,,,,,,,,,,,,,,,,,,,,,,,,,,,,
EC,09/11/2024,15:00,Solihull,Altrincham,R Eley,2.15,3.5,3,2.1,3.4,2.87,2.15,3.3,2.9,2.24,3.42,3.06,2.1,3.4,3,2.18,3.44,3,2.25,3.55,3.1,2.18,3.38,2.99,2.22,3.45,3.05,1.8,2,1.81,2.01,1.81,2.01,1.77,1.97,1.79,2.02,-0.25,1.93,1.88,1.95,1.87,1.95,1.89,1.88,1.85,1.93,1.87,,,,,,,,,,,,,,,,,,,,,,,,,,,,,,,,,,,,,,,,,,,,,,,,
EC,09/11/2024,15:00,Southend,Yeovil,A Byrne,1.75,3.5,4.33,1.75,3.4,4,1.75,3.3,4.2,1.82,3.56,4.16,1.75,3.4,4.2,1.8,3.5,4.17,1.84,3.6,4.33,1.8,3.48,4.14,1.92,3.35,4,2.05,1.75,2,1.81,2.13,1.81,2,1.76,2,1.83,-0.5,1.78,2.03,1.84,1.99,1.84,2.03,1.8,1.96,1.92,1.92,,,,,,,,,,,,,,,,,,,,,,,,,,,,,,,,,,,,,,,,,,,,,,,,
EC,09/11/2024,15:00,Tamworth,Ebbsfleet,B Wyatt,1.8,3.7,3.8,1.8,3.5,3.6,1.8,3.6,3.8,1.8,3.73,4.07,1.83,3.6,3.6,1.8,3.7,3.9,1.9,3.75,4.1,1.82,3.67,3.84,1.8,3.55,3.8,1.73,2.08,1.75,2.06,1.75,2.08,1.72,2.04,1.72,2.04,-0.5,1.83,1.98,1.81,2.01,1.91,2.01,1.81,1.95,1.8,1.96,,,,,,,,,,,,,,,,,,,,,,,,,,,,,,,,,,,,,,,,,,,,,,,,
EC,09/11/2024,17:30,Barnet,Oldham,S Morland,1.8,3.75,3.9,1.73,3.6,3.7,1.75,3.6,3.9,1.76,3.88,4.11,1.73,3.7,4,1.76,3.8,3.98,1.81,3.93,4.2,1.76,3.75,3.97,1.79,3.9,4,1.67,2.15,1.64,2.24,1.75,2.24,1.65,2.15,1.61,2.2,-0.75,2.03,1.78,1.99,1.83,2.11,1.83,1.97,1.78,1.99,1.8,,,,,,,,,,,,,,,,,,,,,,,,,,,,,,,,,,,,,,,,,,,,,,,,
F1,08/11/2024,19:45,Marseille,Auxerre,,1.4,5,7.5,1.42,5,6.75,1.36,5,7.5,1.4,5.34,7.52,1.4,4.8,7.5,1.44,5.35,7.55,1.44,5.4,7.8,1.4,5.12,7.36,1.43,5.4,8.4,1.5,2.63,1.52,2.66,1.54,2.75,1.5,2.59,1.55,2.76,-1.25,1.85,2.05,1.87,2.06,1.89,2.08,1.83,2.01,1.9,2.05,,,,,,,,,,,,,,,,,,,,,,,,,,,,,,,,,,,,,,,,,,,,,,,,
F1,09/11/2024,16:00,Strasbourg,Monaco,,3.4,3.7,2,3.3,3.7,2.05,3.6,3.75,2,3.69,3.65,2.04,3.2,3.9,2.05,3.63,4.08,2.02,3.77,4.08,2.08,3.48,3.76,2.03,3.65,3.9,2.08,1.57,2.38,1.61,2.43,1.61,2.55,1.56,2.41,1.59,2.46,0.5,1.86,2.04,1.86,2.05,1.87,2.08,1.84,2.03,1.89,2.08,,,,,,,,,,,,,,,,,,,,,,,,,,,,,,,,,,,,,,,,,,,,,,,,
F1,09/11/2024,18:00,Lens,Nantes,,1.6,3.9,5.75,1.61,3.9,5.5,1.62,3.8,6,1.61,4.02,5.99,1.6,3.9,5.8,1.65,4.12,6.05,1.65,4.12,6.2,1.61,3.94,5.86,1.66,4,6.4,2.07,1.83,2.07,1.83,2.08,1.87,2.02,1.82,2.12,1.86,-1,2.09,1.81,2.08,1.83,2.12,1.83,2.06,1.8,2.16,1.8,,,,,,,,,,,,,,,,,,,,,,,,,,,,,,,,,,,,,,,,,,,,,,,,
F1,09/11/2024,20:00,Angers,Paris SG,,12,6.25,1.22,11.5,6.5,1.23,12,6,1.25,11.51,6.59,1.24,12,6.5,1.22,12.2,7.02,1.26,13,7.02,1.27,11.59,6.49,1.24,13,6.6,1.29,1.4,3,1.45,2.82,1.45,3.05,1.4,2.89,1.48,2.96,1.75,2.03,1.87,2.02,1.87,2.05,1.91,1.99,1.84,2.01,1.92,,,,,,,,,,,,,,,,,,,,,,,,,,,,,,,,,,,,,,,,,,,,,,,,
F1,10/11/2024,14:00,Nice,Lille,,2.55,3.2,2.9,2.45,3.3,2.85,2.5,3.25,2.9,2.55,3.26,3,2.5,3.3,2.88,2.57,3.46,2.98,2.57,3.46,3.01,2.52,3.26,2.9,2.64,3.3,3.05,2.1,1.73,2.13,1.78,2.16,1.81,2.09,1.76,2.16,1.8,0,1.8,2.1,1.81,2.13,1.85,2.13,1.79,2.07,1.85,2.13,,,,,,,,,,,,,,,,,,,,,,,,,,,,,,,,,,,,,,,,,,,,,,,,
F1,10/11/2024,16:00,Le Havre,Reims,,3.3,3.2,2.3,3.2,3.3,2.25,3.3,3.3,2.25,3.43,3.23,2.32,3.25,3.3,2.25,3.4,3.52,2.29,3.43,3.52,2.33,3.28,3.27,2.28,3.45,3.4,2.32,2.1,1.73,2.13,1.78,2.16,1.83,2.07,1.77,2.1,1.8,0.25,1.92,1.98,1.93,1.98,1.93,2,1.89,1.93,1.96,1.99,,,,,,,,,,,,,,,,,,,,,,,,,,,,,,,,,,,,,,,,,,,,,,,,
F1,10/11/2024,16:00,Montpellier,Brest,,3.25,3.5,2.2,3.1,3.5,2.2,3.3,3.6,2.1,3.41,3.49,2.2,3.3,3.5,2.15,3.39,3.75,2.2,3.41,3.75,2.23,3.27,3.51,2.18,3.4,3.65,2.24,1.8,2,1.83,2.06,1.85,2.14,1.79,2.05,1.81,2.08,0.25,1.99,1.91,2,1.91,2,1.94,1.95,1.88,2.04,1.94,,,,,,,,,,,,,,,,,,,,,,,,,,,,,,,,,,,,,,,,,,,,,,,,
F1,10/11/2024,16:00,Rennes,Toulouse,,2.15,3.4,3.4,2.15,3.4,3.4,2.2,3.3,3.4,2.24,3.37,3.44,2.15,3.4,3.4,2.24,3.54,3.5,2.24,3.54,3.5,2.18,3.38,3.4,2.24,3.4,3.65,2,1.8,2.1,1.79,2.12,1.84,2.05,1.79,2.08,1.82,-0.25,1.9,2,1.93,1.98,1.93,2.04,1.86,1.97,1.92,2.05,,,,,,,,,,,,,,,,,,,,,,,,,,,,,,,,,,,,,,,,,,,,,,,,
F1,10/11/2024,19:45,Lyon,St Etienne,,1.33,5.5,8,1.35,5.5,7.5,1.33,5.5,8.5,1.36,5.74,7.8,1.33,5.5,8,1.36,5.99,8.7,1.37,5.99,8.7,1.35,5.53,7.82,1.38,5.8,9.2,1.4,3,1.43,2.92,1.44,3.02,1.4,2.9,1.42,3.05,-1.5,1.93,1.97,1.94,1.96,1.98,2,1.92,1.92,1.9,1.96,,,,,,,,,,,,,,,,,,,,,,,,,,,,,,,,,,,,,,,,,,,,,,,,
F2,08/11/2024,19:00,Ajaccio,Clermont,,2.75,2.88,2.88,2.7,2.85,2.8,2.75,2.88,2.75,2.87,2.8,3,2.62,3,2.75,2.77,2.95,2.81,2.91,3,3,2.75,2.84,2.84,2.88,2.94,3,2.7,1.44,2.8,1.47,2.8,1.48,2.62,1.45,2.82,1.51,0,1.88,1.98,1.9,1.99,1.91,2.02,1.89,1.94,1.92,2.02,,,,,,,,,,,,,,,,,,,,,,,,,,,,,,,,,,,,,,,,,,,,,,,,
F2,08/11/2024,19:00,Amiens,Martigues,,1.5,4,6.5,1.47,4.2,6.75,1.4,4.2,7.5,1.51,4.19,7.02,1.4,4.2,7.5,1.5,4.2,6.77,1.52,4.2,7.5,1.48,4.1,6.71,1.52,4.3,7.8,2.03,1.83,2.07,1.81,2.08,1.87,2,1.78,2.1,1.9,-1,1.88,1.98,1.9,1.99,1.91,2.04,1.86,1.95,1.87,2.06,,,,,,,,,,,,,,,,,,,,,,,,,,,,,,,,,,,,,,,,,,,,,,,,
F2,08/11/2024,19:00,Grenoble,Dunkerque,,2.63,3.2,2.63,2.6,3.25,2.6,2.55,3.1,2.7,2.71,3.31,2.73,2.5,3.4,2.6,2.62,3.42,2.63,2.71,3.42,2.73,2.6,3.26,2.64,2.74,3.4,2.8,1.98,1.88,2.03,1.85,2.03,1.93,1.96,1.82,2.02,1.94,0,1.93,1.93,1.93,1.95,1.96,1.98,1.91,1.92,1.96,1.99,,,,,,,,,,,,,,,,,,,,,,,,,,,,,,,,,,,,,,,,,,,,,,,,
F2,08/11/2024,19:00,Laval,Bastia,,3.7,3.1,2.15,3.5,3.1,2.15,3.75,2.9,2.15,3.85,3.03,2.22,3.5,3.1,2.1,3.66,3.1,2.19,3.85,3.15,2.22,3.61,3.05,2.16,3.85,3.1,2.26,2.4,1.53,2.57,1.54,2.6,1.54,2.46,1.52,2.64,1.57,0.25,2,1.85,2.01,1.88,2.07,1.89,1.97,1.83,2.02,1.9,,,,,,,,,,,,,,,,,,,,,,,,,,,,,,,,,,,,,,,,,,,,,,,,
F2,08/11/2024,19:00,Red Star,Troyes,,2.2,3.5,3.1,2.25,3.4,2.95,2.25,3.3,3,2.27,3.49,3.21,2.2,3.4,3,2.27,3.44,3.12,2.29,3.5,3.25,2.23,3.39,3.06,2.32,3.45,3.3,1.98,1.88,2,1.87,2.06,1.89,1.96,1.82,2.08,1.89,-0.25,1.95,1.9,1.97,1.92,1.99,1.96,1.93,1.87,1.99,1.93,,,,,,,,,,,,,,,,,,,,,,,,,,,,,,,,,,,,,,,,,,,,,,,,
F2,08/11/2024,19:00,Rodez,Annecy,,1.95,3.5,3.7,2,3.5,3.5,1.95,3.5,3.7,2,3.69,3.72,1.95,3.5,3.5,2,3.65,3.6,2.02,3.69,3.77,1.97,3.53,3.59,2.06,3.75,3.8,1.8,2,1.82,2.04,1.88,2.11,1.8,1.98,1.86,2.08,-0.5,1.98,1.88,2.01,1.88,2.02,1.91,1.97,1.83,2.06,1.9,,,,,,,,,,,,,,,,,,,,,,,,,,,,,,,,,,,,,,,,,,,,,,,,
F2,09/11/2024,13:00,Lorient,Guingamp,,1.85,3.75,3.9,1.88,3.6,3.75,1.85,3.6,4,1.88,3.59,4.2,1.8,3.75,3.9,1.87,3.8,3.94,1.9,3.8,4.2,1.86,3.6,3.97,1.88,3.75,4.1,1.8,2,1.78,2.06,1.83,2.11,1.76,2.01,1.78,2.08,-0.5,1.85,2,1.89,1.98,1.9,2.06,1.85,1.95,1.88,2,,,,,,,,,,,,,,,,,,,,,,,,,,,,,,,,,,,,,,,,,,,,,,,,
F2,09/11/2024,13:00,Pau FC,Paris FC,,3.3,3.5,2.1,3.25,3.4,2.1,3.3,3.3,2.1,3.37,3.52,2.15,3.3,3.3,2.1,3.38,3.4,2.17,3.41,3.53,2.2,3.29,3.4,2.12,3.3,3.45,2.18,1.98,1.88,1.96,1.88,2.05,1.92,1.94,1.83,1.96,1.88,0.25,2,1.85,2,1.87,2.01,1.92,1.96,1.83,1.95,1.89,,,,,,,,,,,,,,,,,,,,,,,,,,,,,,,,,,,,,,,,,,,,,,,,
F2,09/11/2024,19:00,Metz,Caen,,1.75,3.6,4.75,1.77,3.6,4.4,1.75,3.6,4.6,1.75,3.68,4.66,1.73,3.6,4.4,1.78,3.74,4.49,1.8,3.74,4.75,1.75,3.6,4.44,1.81,3.6,4.9,1.98,1.88,1.97,1.87,2.02,1.88,1.94,1.83,1.94,1.84,-0.75,2,1.85,1.99,1.86,2.07,1.89,1.98,1.81,2.02,1.85,,,,,,,,,,,,,,,,,,,,,,,,,,,,,,,,,,,,,,,,,,,,,,,,
G1,09/11/2024,15:00,Panetolikos,Aris,,3.5,3.4,2.1,3.5,3.2,2.1,4,3.1,2,3.67,3.19,2.12,3.4,3.1,2.05,3.67,3.3,2.1,4.04,3.4,2.21,3.61,3.22,2.07,4.1,3.25,2.12,2.35,1.57,2.38,1.6,2.39,1.6,2.32,1.58,2.38,1.64,0.25,2.03,1.83,2.04,1.83,2.14,1.84,2.02,1.77,2.15,1.79,,,,,,,,,,,,,,,,,,,,,,,,,,,,,,,,,,,,,,,,,,,,,,,,
G1,09/11/2024,16:45,Panserraikos,Atromitos,,3.25,3.1,2.3,3.1,3.1,2.3,3.2,3.2,2.3,3.38,2.89,2.42,3.1,3.25,2.15,3.23,3.34,2.27,3.38,3.34,2.42,3.22,3.07,2.32,3.25,3.2,2.4,2.15,1.67,2.19,1.69,2.19,1.73,2.12,1.69,2.2,1.72,0.25,1.83,2.03,1.82,2.05,1.85,2.05,1.83,1.96,1.85,2.04,,,,,,,,,,,,,,,,,,,,,,,,,,,,,,,,,,,,,,,,,,,,,,,,
G1,09/11/2024,18:00,AEK,Asteras Tripolis,,1.27,5.25,12,1.27,5.5,10.5,1.22,5.5,13,1.29,5.4,9.52,1.22,5,11,1.29,5.4,11,1.29,5.8,13,1.27,5.33,10.22,1.28,5.7,13,1.8,2,1.82,2.02,1.82,2.09,1.77,2,1.8,2.06,-1.5,1.88,1.98,1.89,1.96,1.89,2,1.86,1.92,1.83,1.94,,,,,,,,,,,,,,,,,,,,,,,,,,,,,,,,,,,,,,,,,,,,,,,,
G1,10/11/2024,14:00,OFI Crete,Athens Kallithea,,1.9,3.5,4,1.9,3.4,3.9,1.91,3.4,4,1.92,3.51,3.99,1.85,3.4,3.75,1.94,3.5,4.01,1.97,3.52,4.01,1.91,3.42,3.87,1.87,1.01,4,2.08,1.73,2.13,1.72,2.13,1.78,2.09,1.71,2.1,1.71,-0.5,1.87,1.87,1.93,1.91,1.98,1.95,1.91,1.87,1.93,1.92,,,,,,,,,,,,,,,,,,,,,,,,,,,,,,,,,,,,,,,,,,,,,,,,
G1,10/11/2024,14:30,Levadeiakos,Volos NFC,,2.25,3.1,3.4,2.2,3.1,3.3,2.3,3.1,3.3,2.27,3.17,3.35,2.15,3.1,3.2,2.26,3.22,3.35,2.3,3.25,3.4,2.22,3.11,3.29,2.28,2.96,2.98,2.35,1.57,2.43,1.56,2.43,1.58,2.36,1.55,1.01,1.34,-0.25,1.92,1.82,1.94,1.89,1.99,1.91,1.9,1.87,,,,,,,,,,,,,,,,,,,,,,,,,,,,,,,,,,,,,,,,,,,,,,,,,,
G1,10/11/2024,17:30,Panathinaikos,Lamia,,1.3,5,11,1.29,5.5,9.5,1.25,5.5,11,1.31,5.68,8.09,1.25,5,10,1.31,5.35,9.9,1.31,6,11,1.29,5.37,9.01,1.28,5.2,1.04,1.7,2.1,1.72,2.13,1.72,2.2,1.67,2.11,1.65,2.1,-1.5,1.93,1.93,1.88,1.95,1.96,1.95,1.87,1.91,,,,,,,,,,,,,,,,,,,,,,,,,,,,,,,,,,,,,,,,,,,,,,,,,,
G1,10/11/2024,18:30,PAOK,Olympiakos,,2.63,3.2,2.8,2.5,3.3,2.7,2.6,3.2,2.75,2.64,3.09,2.85,2.4,3.3,2.62,2.54,3.34,2.76,2.65,3.34,2.85,2.55,3.13,2.76,2.62,1.01,1.42,2.08,1.73,2.08,1.75,2.11,1.78,2.05,1.73,2.06,1.34,0,1.79,1.94,1.84,2,1.86,2.05,1.82,1.98,,,,,,,,,,,,,,,,,,,,,,,,,,,,,,,,,,,,,,,,,,,,,,,,,,
I1,08/11/2024,19:45,Lecce,Empoli,,2.4,3,3.3,2.4,2.95,3.3,2.4,2.88,3.4,2.48,2.97,3.48,2.45,2.88,3.4,2.53,2.99,3.5,2.53,3,3.53,2.44,2.93,3.4,2.52,3,3.6,2.75,1.44,2.82,1.48,3,1.5,2.74,1.46,2.92,1.51,-0.25,2.07,1.86,2.08,1.85,2.11,1.87,2.02,1.83,2.1,1.89,,,,,,,,,,,,,,,,,,,,,,,,,,,,,,,,,,,,,,,,,,,,,,,,
I1,09/11/2024,14:00,Venezia,Parma,,2.55,3.4,2.7,2.55,3.5,2.6,2.63,3.3,2.8,2.61,3.33,2.85,2.5,3.4,2.8,2.63,3.56,2.83,2.63,3.56,2.88,2.56,3.43,2.75,2.72,3.45,2.9,1.67,2.2,1.72,2.21,1.76,2.25,1.69,2.2,1.74,2.28,0,1.87,2.03,1.87,2.04,1.91,2.05,1.86,2,1.93,2.06,,,,,,,,,,,,,,,,,,,,,,,,,,,,,,,,,,,,,,,,,,,,,,,,
I1,09/11/2024,17:00,Cagliari,Milan,,5.5,4.1,1.6,5,4.1,1.63,5.5,4.2,1.6,5.61,4.15,1.62,5.5,4.2,1.62,5.38,4.35,1.67,5.7,4.35,1.67,5.31,4.14,1.61,5.8,4.3,1.68,1.67,2.2,1.74,2.17,1.75,2.31,1.68,2.2,1.74,2.28,1,1.86,2.04,1.85,2.07,1.87,2.07,1.83,2.02,1.86,2.14,,,,,,,,,,,,,,,,,,,,,,,,,,,,,,,,,,,,,,,,,,,,,,,,
I1,09/11/2024,19:45,Juventus,Torino,,1.57,3.8,6.5,1.58,3.8,6.25,1.57,3.9,7,1.57,3.95,6.84,1.57,3.8,6.5,1.62,4.04,6.73,1.62,4.04,7,1.58,3.89,6.5,1.6,4,7.6,2.2,1.67,2.25,1.69,2.33,1.73,2.24,1.67,2.38,1.72,-1,2.04,1.86,2.04,1.87,2.07,1.88,2.02,1.84,2.07,1.89,,,,,,,,,,,,,,,,,,,,,,,,,,,,,,,,,,,,,,,,,,,,,,,,
I1,10/11/2024,11:30,Atalanta,Udinese,,1.38,5,7.5,1.38,5,7.75,1.36,4.75,9.5,1.37,5.13,8.64,1.4,5,8,1.44,5.15,8,1.44,5.2,9.5,1.38,4.99,8.11,1.42,5.3,9,1.62,2.3,1.66,2.3,1.71,2.33,1.64,2.27,1.65,2.4,-1.25,1.85,2.05,1.85,2.07,1.92,2.07,1.83,2.01,1.85,2.09,,,,,,,,,,,,,,,,,,,,,,,,,,,,,,,,,,,,,,,,,,,,,,,,
I1,10/11/2024,14:00,Fiorentina,Verona,,1.44,4.5,7,1.44,4.6,7,1.44,4.5,7.5,1.46,4.65,7.21,1.44,4.4,7.5,1.51,4.71,7.04,1.51,4.75,7.5,1.45,4.58,7.14,1.48,4.7,8.4,1.8,2,1.79,2.09,1.84,2.12,1.78,2.05,1.81,2.14,-1.25,2.03,1.87,2.05,1.86,2.05,1.9,2,1.84,2.06,1.86,,,,,,,,,,,,,,,,,,,,,,,,,,,,,,,,,,,,,,,,,,,,,,,,
I1,10/11/2024,14:00,Roma,Bologna,,2.05,3.4,3.6,2.05,3.3,3.6,2.1,3.3,3.8,2.14,3.31,3.78,2.1,3.4,3.6,2.15,3.52,3.75,2.15,3.52,3.82,2.11,3.32,3.66,2.16,3.4,3.95,2.2,1.67,2.22,1.71,2.24,1.76,2.18,1.7,2.26,1.74,-0.25,1.82,2.08,1.83,2.09,1.83,2.09,1.79,2.04,1.85,2.13,,,,,,,,,,,,,,,,,,,,,,,,,,,,,,,,,,,,,,,,,,,,,,,,
I1,10/11/2024,17:00,Monza,Lazio,,4.1,3.8,1.83,4.33,3.5,1.83,5,3.6,1.75,4.58,3.49,1.88,4.4,3.5,1.85,4.49,3.66,1.93,5,3.8,1.93,4.42,3.53,1.85,4.8,3.7,1.91,2.1,1.73,2.19,1.73,2.21,1.78,2.14,1.72,2.22,1.75,0.5,2.03,1.87,2.02,1.89,2.07,1.89,2,1.85,2.08,1.91,,,,,,,,,,,,,,,,,,,,,,,,,,,,,,,,,,,,,,,,,,,,,,,,
I1,10/11/2024,19:45,Inter,Napoli,,1.85,3.7,4.1,1.87,3.6,4.1,1.87,3.7,4.1,1.88,3.72,4.25,1.91,3.6,4,1xBet,1.94,3.85,1.94,3.85,4.3,1.88,3.66,4.11,1.93,3.8,4.4,1.9,2,1.87,2.02,1.92,2.03,1.87,1.96,1.96,2.02,-0.5,1.83,1.95,1.89,2.02,1.92,2.02,1.87,1.97,1.93,2.06,,,,,,,,,,,,,,,,,,,,,,,,,,,,,,,,,,,,,,,,,,,,,,,,
I2,08/11/2024,19:30,Frosinone,Palermo,,2.88,3.25,2.45,3,3.2,2.35,3,3.1,2.38,3.14,3.17,2.51,2.88,3.25,2.38,3.03,3.34,2.36,3.14,3.34,2.52,2.98,3.17,2.42,3.2,3.3,2.56,2.05,1.75,2.11,1.79,2.17,1.79,2.05,1.74,2.16,1.83,0.25,1.73,2.08,1.79,2.15,1.81,2.16,1.78,2.04,1.84,2.17,,,,,,,,,,,,,,,,,,,,,,,,,,,,,,,,,,,,,,,,,,,,,,,,
I2,09/11/2024,14:00,Brescia,Cosenza,,2.38,3.2,3.1,2.37,3.2,2.95,2.38,3.3,3,2.48,3.21,3.08,2.3,3.25,3,2.41,3.3,2.99,2.5,3.3,3.1,2.4,3.18,2.98,2.48,3.2,3.15,2.15,1.67,2.18,1.7,2.21,1.73,2.13,1.68,2.22,1.73,-0.25,2.05,1.8,2.12,1.79,2.15,1.83,2.05,1.77,2.1,1.81,,,,,,,,,,,,,,,,,,,,,,,,,,,,,,,,,,,,,,,,,,,,,,,,
I2,09/11/2024,14:00,Modena,Carrarese,,1.8,3.4,4.75,1.83,3.3,4.4,1.8,3.3,4.6,1.86,3.42,4.72,1.8,3.4,4.4,1.86,3.44,4.49,1.93,3.45,4.75,1.83,3.36,4.51,1.8,3.35,4.8,2.3,1.6,2.4,1.6,2.43,1.6,2.32,1.58,2.36,1.6,-0.5,1.83,2.03,1.87,2.02,1.87,2.08,1.82,1.99,1.83,2.06,,,,,,,,,,,,,,,,,,,,,,,,,,,,,,,,,,,,,,,,,,,,,,,,
I2,09/11/2024,14:00,Pisa,Sampdoria,,2.15,3.3,3.4,2.15,3.2,3.4,2.2,3.2,3.3,2.2,3.2,3.68,2.15,3.25,3.25,2.18,3.3,3.45,2.25,3.3,3.68,2.17,3.19,3.45,2.18,3.05,3.65,2.25,1.62,2.34,1.63,2.35,1.63,2.27,1.61,2.24,1.63,-0.25,1.88,1.98,1.88,2.01,1.93,2.02,1.86,1.95,1.87,1.8,,,,,,,,,,,,,,,,,,,,,,,,,,,,,,,,,,,,,,,,,,,,,,,,
I2,09/11/2024,14:00,Sudtirol,Sassuolo,,3.7,3.2,2.1,3.4,3.2,2.1,3.5,3.3,2.1,3.59,3.38,2.15,3.25,3.25,2.15,3.48,3.38,2.13,3.7,3.38,2.16,3.47,3.28,2.12,3.65,3.2,2.1,2.1,1.7,2.2,1.71,2.2,1.75,2.13,1.69,2.1,1.73,0.25,2.03,1.83,2.04,1.85,2.06,1.9,1.99,1.82,2.08,1.81,,,,,,,,,,,,,,,,,,,,,,,,,,,,,,,,,,,,,,,,,,,,,,,,
I2,09/11/2024,16:15,Mantova,Cremonese,,3.8,3.5,1.95,3.6,3.6,1.95,3.8,3.5,1.95,3.81,3.7,1.93,3.6,3.6,1.91,3.67,3.68,1.97,3.9,3.77,2.02,3.71,3.59,1.94,3.75,3.6,1.99,1.83,2.03,1.8,2.03,1.87,2.03,1.8,1.98,1.8,1.98,0.5,1.9,1.95,1.93,1.94,1.94,2.02,1.88,1.92,1.92,1.99,,,,,,,,,,,,,,,,,,,,,,,,,,,,,,,,,,,,,,,,,,,,,,,,
I2,10/11/2024,14:00,Cittadella,Cesena,,2.88,3.2,2.5,2.8,3.2,2.45,2.88,3.2,2.45,2.81,3.3,2.56,2.75,3.3,2.4,2.8,3.34,2.51,2.9,3.34,2.56,2.81,3.23,2.48,2.78,3.1,2.52,2.05,1.75,2.06,1.78,2.08,1.8,2.02,1.76,2,1.74,0,2.05,1.8,2.02,1.84,2.12,1.84,2.03,1.8,1.98,1.75,,,,,,,,,,,,,,,,,,,,,,,,,,,,,,,,,,,,,,,,,,,,,,,,
I2,10/11/2024,14:00,Juve Stabia,Spezia,,2.88,3.2,2.5,2.9,3,2.5,2.88,3,2.6,3.02,2.98,2.61,2.88,3,2.5,2.95,3.14,2.53,3.02,3.2,2.62,2.93,2.99,2.54,3.05,3.05,2.56,2.4,1.53,2.42,1.58,2.49,1.6,2.4,1.54,2.48,1.58,0,2.05,1.8,2.08,1.79,2.13,1.82,2.06,1.78,2.06,1.8,,,,,,,,,,,,,,,,,,,,,,,,,,,,,,,,,,,,,,,,,,,,,,,,
I2,10/11/2024,14:00,Reggiana,Catanzaro,,2.45,3.2,2.88,2.4,3.1,2.95,2.45,3.1,3,2.5,3.13,3.04,2.38,3.2,2.9,2.47,3.24,2.96,2.52,3.24,3.1,2.44,3.13,2.95,2.48,3.1,3.05,2.2,1.65,2.25,1.66,2.29,1.67,2.2,1.64,2.26,1.67,-0.25,2.08,1.73,2.13,1.76,2.17,1.79,2.09,1.74,2.1,1.75,,,,,,,,,,,,,,,,,,,,,,,,,,,,,,,,,,,,,,,,,,,,,,,,
I2,10/11/2024,16:15,Salernitana,Bari,,2.4,3.2,3,2.45,3.1,2.87,2.45,3.2,2.88,2.53,3.04,3.07,2.4,3.2,2.88,2.45,3.34,2.91,2.53,3.35,3.07,2.46,3.14,2.93,2.46,3.1,2.94,2.05,1.75,2.06,1.79,2.1,1.8,2.04,1.74,2.06,1.8,-0.25,2.1,1.78,2.14,1.74,2.17,1.8,2.09,1.74,,,,,,,,,,,,,,,,,,,,,,,,,,,,,,,,,,,,,,,,,,,,,,,,,,
N1,08/11/2024,19:00,Utrecht,Heracles,,1.44,4.75,7,1.44,4.6,7,1.4,4.5,8,1.43,4.84,7.48,1.4,4.5,7.5,1.44,4.65,7,1.45,4.9,8,1.43,4.64,7.14,1.46,4.9,8.6,1.7,2.1,1.75,2.16,1.78,2.19,1.72,2.11,1.79,2.24,-1.25,2,1.9,2,1.91,2.07,1.92,1.97,1.84,2.04,1.91,,,,,,,,,,,,,,,,,,,,,,,,,,,,,,,,,,,,,,,,,,,,,,,,
N1,09/11/2024,15:30,Groningen,Sparta Rotterdam,,2.63,3.3,2.7,2.6,3.4,2.65,2.63,3.3,2.63,2.64,3.4,2.66,2.6,3.4,2.6,2.6,3.48,2.61,2.69,3.48,2.71,2.62,3.36,2.65,2.74,3.45,2.76,1.85,2,1.85,2,1.93,2.04,1.85,1.94,1.87,1.98,0,1.92,1.98,1.93,1.94,1.94,2,1.9,1.94,1.95,1.97,,,,,,,,,,,,,,,,,,,,,,,,,,,,,,,,,,,,,,,,,,,,,,,,
N1,09/11/2024,17:45,Zwolle,For Sittard,,2.63,3.4,2.63,2.6,3.4,2.65,2.63,3.3,2.63,2.69,3.31,2.67,2.62,3.3,2.6,2.65,3.4,2.61,2.75,3.4,2.71,2.65,3.32,2.65,2.8,3.3,2.84,2,1.85,2.02,1.84,2.06,1.89,1.98,1.81,2,1.87,0,1.95,1.95,1.94,1.93,1.95,1.99,1.91,1.92,1.96,1.99,,,,,,,,,,,,,,,,,,,,,,,,,,,,,,,,,,,,,,,,,,,,,,,,
N1,09/11/2024,19:00,NAC Breda,PSV Eindhoven,,8.5,7,1.27,10,6.25,1.26,10.5,6.5,1.22,9.79,6.28,1.25,11,6,1.22,9.9,6.1,1.27,11,7,1.28,9.92,6.27,1.26,11.5,7.4,1.26,1.44,2.7,1.43,2.83,1.47,2.92,1.42,2.77,1.47,2.86,1.75,1.95,1.95,1.93,1.92,2,1.98,1.9,1.9,1.94,1.93,,,,,,,,,,,,,,,,,,,,,,,,,,,,,,,,,,,,,,,,,,,,,,,,
N1,09/11/2024,20:00,Waalwijk,Nijmegen,,4.2,3.6,1.85,4,3.8,1.83,4.2,3.6,1.8,4.16,3.76,1.83,3.9,3.8,1.8,4.01,3.88,1.84,4.3,3.88,1.88,4.07,3.71,1.83,4.3,3.8,1.93,1.7,2.1,1.75,2.13,1.78,2.2,1.72,2.1,1.74,2.16,0.5,2.03,1.87,2.03,1.85,2.06,1.89,2,1.84,2.02,1.93,,,,,,,,,,,,,,,,,,,,,,,,,,,,,,,,,,,,,,,,,,,,,,,,
N1,10/11/2024,11:15,Almere City,Feyenoord,,11,4.75,1.3,10,5.75,1.29,11,5.5,1.25,9.33,5.68,1.29,10,5.8,1.25,9.9,5.6,1.3,11,6,1.31,9.89,5.54,1.29,12,5.9,1.29,1.57,2.35,1.61,2.35,1.64,2.41,1.6,2.32,1.63,2.38,1.5,2.02,1.88,1.99,1.86,2.05,1.91,1.97,1.85,1.98,1.84,,,,,,,,,,,,,,,,,,,,,,,,,,,,,,,,,,,,,,,,,,,,,,,,
N1,10/11/2024,13:30,Heerenveen,Go Ahead Eagles,,2.35,3.5,2.88,2.4,3.6,2.7,2.4,3.4,2.75,2.42,3.5,2.84,2.3,3.7,2.75,2.39,3.66,2.75,2.48,3.75,2.88,2.39,3.53,2.79,2.36,3.5,2.8,1.67,2.15,1.68,2.21,1.7,2.28,1.66,2.19,1.67,2.28,-0.25,2.06,1.84,2.1,1.76,2.16,1.84,2.06,1.76,2.04,1.79,,,,,,,,,,,,,,,,,,,,,,,,,,,,,,,,,,,,,,,,,,,,,,,,
N1,10/11/2024,13:30,Twente,Ajax,,2.55,3.4,2.7,2.5,3.5,2.65,2.5,3.4,2.7,2.53,3.65,2.62,2.45,3.6,2.6,2.52,3.64,2.61,2.58,3.71,2.75,2.51,3.54,2.65,2.66,3.7,2.62,1.7,2.1,1.69,2.18,1.75,2.25,1.7,2.14,1.73,2.2,0,1.91,1.99,1.89,1.96,1.93,2.02,1.87,1.97,1.95,1.94,,,,,,,,,,,,,,,,,,,,,,,,,,,,,,,,,,,,,,,,,,,,,,,,
N1,10/11/2024,15:45,AZ Alkmaar,Willem II,,1.48,4.2,7,1.49,4.5,6.25,1.44,4.33,7,1.46,4.54,6.61,1.44,4.4,6.5,1.47,4.5,6.67,1.49,4.7,7,1.47,4.43,6.56,1.49,4.6,7.4,1.75,2.05,1.76,2.08,1.85,2.14,1.76,2.04,1.79,2.1,-1.25,2.05,1.75,2.04,1.83,2.16,1.84,2.06,1.77,,,,,,,,,,,,,,,,,,,,,,,,,,,,,,,,,,,,,,,,,,,,,,,,,,
P1,08/11/2024,20:15,Moreirense,Gil Vicente,,2.3,3,3.4,2.3,3,3.25,2.3,2.88,3.5,2.39,2.97,3.6,2.3,3.1,3.2,2.29,3.14,3.39,2.43,3.14,3.6,2.34,3,3.4,2.4,3.05,3.7,2.5,1.5,2.61,1.53,2.61,1.56,2.52,1.52,2.64,1.58,-0.25,2,1.9,2.01,1.89,2.03,1.93,1.96,1.86,2.01,1.94,,,,,,,,,,,,,,,,,,,,,,,,,,,,,,,,,,,,,,,,,,,,,,,,
P1,09/11/2024,15:30,Casa Pia,Farense,,1.95,3.3,4,1.98,3.25,3.8,2,3.3,4,1.97,3.3,4.15,1.95,3.3,3.9,1.97,3.4,4.02,2.02,3.4,4.2,1.98,3.3,4,2,3.35,4.7,2.2,1.65,2.27,1.66,2.31,1.69,2.24,1.64,2.26,1.67,-0.5,2,1.9,1.98,1.88,2.01,1.91,1.98,1.85,1.98,1.95,,,,,,,,,,,,,,,,,,,,,,,,,,,,,,,,,,,,,,,,,,,,,,,,
P1,09/11/2024,15:30,Estoril,AVS,,2.25,3,3.5,2.3,3.1,3.2,2.38,3.1,3.2,2.29,3.08,3.45,2.2,3.25,3.2,2.26,3.28,3.31,2.38,3.28,3.55,2.28,3.14,3.33,2.28,3.15,3.75,2.25,1.62,2.33,1.63,2.4,1.67,2.3,1.61,2.34,1.65,-0.25,1.97,1.93,1.96,1.91,2.02,1.96,1.93,1.88,1.93,1.97,,,,,,,,,,,,,,,,,,,,,,,,,,,,,,,,,,,,,,,,,,,,,,,,
P1,09/11/2024,18:00,Famalicao,Arouca,,1.91,3.5,4,1.95,3.3,3.9,1.85,3.3,4.33,1.91,3.27,4.48,1.91,3.4,4,1.91,3.42,4.25,2.03,3.5,4.6,1.92,3.35,4.21,1.92,3.45,4.8,2.3,1.6,2.36,1.61,2.41,1.65,2.3,1.61,2.3,1.62,-0.5,1.93,1.97,1.93,1.94,1.98,2,1.91,1.92,1.92,2.02,,,,,,,,,,,,,,,,,,,,,,,,,,,,,,,,,,,,,,,,,,,,,,,,
P1,09/11/2024,20:30,Boavista,Rio Ave,,2.75,3.1,2.7,2.65,3.2,2.6,2.7,3.1,2.7,2.74,3.12,2.74,2.75,3.25,2.5,2.76,3.2,2.63,2.8,3.25,2.75,2.73,3.12,2.67,2.84,3.2,2.82,2.25,1.62,2.37,1.61,2.41,1.64,2.31,1.61,2.34,1.64,0,1.95,1.95,1.93,1.93,1.99,1.96,1.95,1.89,1.95,1.94,,,,,,,,,,,,,,,,,,,,,,,,,,,,,,,,,,,,,,,,,,,,,,,,
P1,10/11/2024,15:30,Estrela,Nacional,,2.2,3.4,3.2,2.2,3.25,3.2,2.2,3.2,3.3,2.25,3.27,3.34,2.2,3.25,3.2,2.22,3.36,3.29,2.27,3.4,3.37,2.22,3.28,3.26,2.3,3.35,3.55,2.1,1.7,2.16,1.71,2.19,1.76,2.13,1.71,2.18,1.72,-0.25,1.99,1.91,1.93,1.92,2,1.93,1.91,1.9,,,,,,,,,,,,,,,,,,,,,,,,,,,,,,,,,,,,,,,,,,,,,,,,,,
P1,10/11/2024,16:30,Santa Clara,Guimaraes,,2.9,3,2.6,2.9,3,2.5,2.9,2.9,2.6,2.89,3.01,2.69,2.88,3.1,2.5,2.88,3.1,2.6,3,3.1,2.72,2.89,3.01,2.61,2.96,3.15,2.66,2.6,1.48,2.65,1.49,2.66,1.54,2.56,1.49,2.5,1.48,0,2.05,1.85,2,1.85,2.11,1.85,2.02,1.82,,,,,,,,,,,,,,,,,,,,,,,,,,,,,,,,,,,,,,,,,,,,,,,,,,
P1,10/11/2024,18:45,Sp Braga,Sp Lisbon,,5.25,4.2,1.57,4.8,4.1,1.6,5.5,4.2,1.55,5.5,4.15,1.58,5,4.2,1.57,5.2,4.35,1.59,5.6,4.4,1.63,5.25,4.22,1.58,5.5,5,1.58,1.57,2.35,1.61,2.36,1.63,2.43,1.59,2.34,1.6,2.42,1,1.91,1.99,1.88,1.97,1.91,2.02,1.87,1.96,,,,,,,,,,,,,,,,,,,,,,,,,,,,,,,,,,,,,,,,,,,,,,,,,,
P1,10/11/2024,20:45,Benfica,Porto,,2.1,3.3,3.5,2.05,3.5,3.3,2,3.4,3.5,2.1,3.38,3.58,2.1,3.4,3.4,2.11,3.5,3.42,2.13,3.5,3.58,2.09,3.42,3.44,2.16,3.55,3.75,1.98,1.88,1.98,1.86,2.03,1.92,1.96,1.84,1.96,1.89,-0.25,1.85,2.05,1.82,2.05,1.87,2.05,1.8,2.01,,,,,,,,,,,,,,,,,,,,,,,,,,,,,,,,,,,,,,,,,,,,,,,,,,
SC0,09/11/2024,15:00,Dundee United,Ross County,J Beaton,1.7,3.6,5,1.71,3.6,4.75,1.73,3.6,4.75,1.69,3.76,5.02,1.73,3.7,5,1.71,3.85,4.83,1.75,3.85,5.2,1.71,3.7,4.83,1.75,3.75,5.2,1.98,1.88,1.95,1.9,2,1.9,1.92,1.86,1.96,1.92,-0.75,1.93,1.93,1.92,1.95,1.99,1.95,1.91,1.89,2,1.97,,,,,,,,,,,,,,,,,,,,,,,,,,,,,,,,,,,,,,,,,,,,,,,,
SC0,09/11/2024,15:00,Hibernian,St Mirren,I Snedden,1.85,3.4,4.5,1.82,3.6,4.1,1.8,3.5,4.33,1.83,3.56,4.39,1.85,3.6,4.33,1.83,3.7,4.24,1.88,3.7,4.5,1.84,3.54,4.27,1.87,3.55,4.9,2.03,1.83,1.99,1.86,2.07,1.89,1.97,1.82,2.04,1.86,-0.5,1.85,2,1.85,2.02,1.89,2.05,1.83,1.99,1.87,2.07,,,,,,,,,,,,,,,,,,,,,,,,,,,,,,,,,,,,,,,,,,,,,,,,
SC0,09/11/2024,15:00,Motherwell,St Johnstone,R Hardie,1.85,3.7,3.9,1.87,3.5,3.9,1.85,3.5,4,1.9,3.69,3.93,1.91,3.6,4,1.91,3.68,3.88,1.93,3.75,4.2,1.89,3.62,3.91,1.93,3.75,4,1.9,1.95,1.89,1.96,1.94,1.98,1.88,1.9,1.84,1.96,-0.5,1.9,1.95,1.92,1.95,1.93,2,1.88,1.92,1.93,1.96,,,,,,,,,,,,,,,,,,,,,,,,,,,,,,,,,,,,,,,,,,,,,,,,
SC0,09/11/2024,17:30,Aberdeen,Dundee,D Dickinson,1.62,3.9,5.25,1.66,3.9,4.6,1.6,4.2,5,1.61,4.1,5.31,1.65,4,5,1.64,4.15,5.05,1.7,4.2,5.31,1.64,4.04,4.91,1.64,4.2,5.4,1.73,2.1,1.72,2.17,1.77,2.19,1.7,2.11,1.78,2.12,-0.75,1.8,2.05,1.78,2.1,1.87,2.12,1.79,2.02,1.81,2.14,,,,,,,,,,,,,,,,,,,,,,,,,,,,,,,,,,,,,,,,,,,,,,,,
SC0,10/11/2024,15:00,Kilmarnock,Celtic,N Walsh,8.5,5.25,1.3,8.25,5.25,1.32,9,5.5,1.25,8.94,5.69,1.3,9.5,5.5,1.33,8.7,5.55,1.32,9.5,5.7,1.33,8.6,5.44,1.3,3.95,6,1.32,1.5,2.63,1.5,2.59,1.52,2.63,1.48,2.54,1.5,2.68,1.5,1.98,1.88,1.98,1.88,1.99,1.95,1.93,1.87,1.97,1.88,,,,,,,,,,,,,,,,,,,,,,,,,,,,,,,,,,,,,,,,,,,,,,,,
SC0,10/11/2024,17:00,Rangers,Hearts,M MacDermid,1.4,4.5,7.5,1.4,4.8,6.75,1.36,4.75,7.5,1.39,4.97,7.24,1.4,4.75,8,1.41,4.95,7.1,1.43,5,8,1.39,4.81,7.03,1.4,5.7,8.6,1.57,2.38,1.56,2.45,1.61,2.47,1.55,2.36,1.57,2.46,-1.25,1.88,1.98,1.86,2,1.96,2,1.86,1.94,1.39,2.02,,,,,,,,,,,,,,,,,,,,,,,,,,,,,,,,,,,,,,,,,,,,,,,,
SC1,08/11/2024,19:45,Morton,Ayr,P Stuart,3.6,3.2,1.91,3.6,3,1.95,4.2,3.2,1.91,4.41,3.15,1.97,3.9,3.1,2,4.01,3.32,1.88,4.41,3.32,2.09,3.79,3.18,1.99,4.5,3.25,1.98,2.25,1.62,2.27,1.65,2.3,1.65,2.23,1.61,2.26,1.75,0.5,1.85,2,1.88,1.98,1.88,2.02,1.8,1.97,1.9,1.99,,,,,,,,,,,,,,,,,,,,,,,,,,,,,,,,,,,,,,,,,,,,,,,,
SC1,09/11/2024,15:00,Falkirk,Airdrie Utd,C Scott,1.25,5.5,8,1.25,5.25,8.75,1.22,5.5,11,1.22,6.07,10.3,1.25,5.5,11,1.21,6.05,11,1.28,6.3,11,1.24,5.66,9.93,1.25,6.4,11.5,1.5,2.5,1.47,2.61,1.5,2.65,1.46,2.54,1.45,2.82,-1.5,1.73,2.08,1.69,2.15,1.86,2.15,1.72,2.06,1.68,2.13,,,,,,,,,,,,,,,,,,,,,,,,,,,,,,,,,,,,,,,,,,,,,,,,
SC1,09/11/2024,15:00,Hamilton,Livingston,G Irvine,3.4,3.2,1.95,3.3,3.2,1.98,3.5,3.3,2.1,3.43,3.44,2.06,3.6,3.25,2.05,3.41,3.38,2.03,3.6,3.5,2.1,3.4,3.36,2.03,3.4,3.25,2.08,2,1.85,1.97,1.84,2,1.85,1.94,1.81,1.96,1.83,0.25,2.05,1.75,2.03,1.8,2.05,1.8,2.01,1.76,2,1.78,,,,,,,,,,,,,,,,,,,,,,,,,,,,,,,,,,,,,,,,,,,,,,,,
SC1,09/11/2024,15:00,Partick,Raith Rvs,S McLean,2.15,3.3,2.9,2.1,3.2,3,2.15,3.3,3.3,2.3,3.18,3.15,2.25,3.1,3.2,2.23,3.2,3.11,2.31,3.35,3.35,2.22,3.21,3.1,2.34,2.96,3.1,2.1,1.7,2.16,1.68,2.16,1.73,2.11,1.67,2.14,1.66,-0.25,1.95,1.9,1.98,1.84,1.98,1.9,1.92,1.84,1.98,1.76,,,,,,,,,,,,,,,,,,,,,,,,,,,,,,,,,,,,,,,,,,,,,,,,
SC1,09/11/2024,15:00,Queens Park,Dunfermline,G Grainger,2.15,3.2,3,2.15,3.2,2.9,2.38,3.25,3,2.28,3.48,2.94,2.2,3.3,2.9,2.3,3.18,3.01,2.38,3.51,3.1,2.23,3.33,2.96,2.34,3.4,2.9,1.95,1.9,1.98,1.83,2.1,1.91,1.95,1.8,2.04,1.76,-0.25,1.98,1.88,2,1.83,2,1.89,1.94,1.82,2.04,1.8,,,,,,,,,,,,,,,,,,,,,,,,,,,,,,,,,,,,,,,,,,,,,,,,
SC2,09/11/2024,15:00,Annan Athletic,Stenhousemuir,S Murdoch,2.7,3.3,2.38,2.5,3.2,2.4,2.75,3.3,2.5,2.8,3.29,2.4,2.75,3.3,2.4,2.8,3.6,2.41,2.82,3.6,2.5,2.75,3.3,2.41,2.94,3.35,2.32,2,1.85,1.99,1.82,2.02,1.85,1.95,1.8,1.92,1.85,0,2.05,1.8,2.07,1.77,2.07,1.8,2.03,1.76,2.13,1.7,,,,,,,,,,,,,,,,,,,,,,,,,,,,,,,,,,,,,,,,,,,,,,,,
SC2,09/11/2024,15:00,Cove Rangers,Inverness C,E Anderson,2.5,3.3,2.5,2.4,3.25,2.5,2.6,3.3,2.63,2.58,3.39,2.53,2.5,3.4,2.6,2.58,3.72,2.53,2.62,3.72,2.63,2.54,3.36,2.53,2.56,4,2.7,1.93,1.93,1.85,1.95,1.99,1.96,1.85,1.91,1.84,1.87,0,1.93,1.93,1.93,1.89,1.93,1.93,1.89,1.89,1.93,2.05,,,,,,,,,,,,,,,,,,,,,,,,,,,,,,,,,,,,,,,,,,,,,,,,
SC2,09/11/2024,15:00,Kelty Hearts,Dumbarton,A Shepherd,2.4,3.4,2.55,2.25,3.4,2.6,2.5,3.5,2.63,2.43,3.48,2.63,2.38,3.6,2.6,2.43,3.87,2.62,2.5,3.87,2.68,2.41,3.5,2.61,2.42,3.55,2.58,1.7,2.1,1.68,2.15,1.71,2.17,1.67,2.12,1.67,2.18,0,1.85,2,1.84,1.99,1.85,2,1.83,1.97,1.87,1.98,,,,,,,,,,,,,,,,,,,,,,,,,,,,,,,,,,,,,,,,,,,,,,,,
SC2,09/11/2024,15:00,Montrose,Arbroath,S Luke,2.55,3.3,2.38,2.6,3.3,2.3,2.7,3.4,2.45,2.66,3.29,2.47,2.7,3.4,2.4,2.69,3.64,2.46,2.9,3.64,2.5,2.68,3.36,2.4,2.7,3.2,2.46,1.93,1.93,1.98,1.81,1.98,1.96,1.9,1.85,1.96,1.85,0.25,1.68,2.15,1.69,2.15,1.82,2.15,1.7,2.08,1.69,2.16,,,,,,,,,,,,,,,,,,,,,,,,,,,,,,,,,,,,,,,,,,,,,,,,
SC2,09/11/2024,17:30,Queen of Sth,Alloa,D McFarlane,2.1,3.2,3.2,1.98,3.3,3.2,2.1,3.3,3.3,2.04,3.37,3.43,2,3.4,3.4,2.08,3.69,3.38,2.14,3.69,3.5,2.05,3.37,3.34,2,3.35,3.5,2,1.85,1.96,1.85,2.02,1.85,1.95,1.81,1.89,1.87,-0.25,1.85,2,1.77,2.03,1.86,2.03,1.77,1.96,1.73,2.09,,,,,,,,,,,,,,,,,,,,,,,,,,,,,,,,,,,,,,,,,,,,,,,,
SC3,09/11/2024,15:00,Bonnyrigg Rose,Elgin,A Grieve,2.6,3.3,2.4,2.5,3.3,2.37,2.7,3.3,2.5,2.78,3.26,2.43,2.7,3.4,2.4,2.69,3.67,2.45,2.81,3.67,2.6,2.67,3.34,2.42,2.88,2.92,2.42,1.93,1.93,1.93,1.88,1.93,1.93,1.88,1.86,1.9,1.86,0,2,1.85,2.05,1.79,2.05,1.89,2,1.81,2.08,1.73,,,,,,,,,,,,,,,,,,,,,,,,,,,,,,,,,,,,,,,,,,,,,,,,
SC3,09/11/2024,15:00,East Fife,Stranraer,R Lee,1.53,4,5.25,1.49,4,5.25,1.5,4.2,6,1.52,4.24,5.43,1.5,4,5.8,1.54,4.44,5.65,1.54,4.44,6,1.51,4.14,5.45,1.54,3.9,5.3,1.75,2.05,1.78,2.01,1.81,2.05,1.76,1.99,1.71,2.08,-1,1.93,1.93,1.88,1.93,1.93,1.93,1.87,1.89,1.9,1.9,,,,,,,,,,,,,,,,,,,,,,,,,,,,,,,,,,,,,,,,,,,,,,,,
SC3,09/11/2024,15:00,Edinburgh City,Clyde,A Gamble,3.5,3.5,1.83,3.6,3.5,1.78,3.9,3.75,1.85,3.67,3.7,1.87,3.8,3.5,1.85,3.8,3.66,1.83,3.9,3.75,1.9,3.63,3.64,1.85,3.5,3.45,1.88,1.75,2.05,1.74,2.05,1.75,2.05,1.73,2.03,1.64,1.92,0.5,1.98,1.88,1.94,1.88,1.98,1.88,1.91,1.84,1.94,1.88,,,,,,,,,,,,,,,,,,,,,,,,,,,,,,,,,,,,,,,,,,,,,,,,
SC3,09/11/2024,15:00,Forfar,Spartans,G Calder,2.45,3,2.8,2.35,3,2.7,2.5,3.1,2.9,2.36,3.22,2.91,2.45,3.1,2.8,2.49,3.31,2.89,2.6,3.31,3,2.41,3.12,2.85,2.3,3.05,3.05,2.35,1.57,2.38,1.54,2.43,1.59,2.35,1.55,2.28,1.57,-0.25,2.1,1.7,2.05,1.79,2.1,1.79,2.04,1.73,1.96,1.81,,,,,,,,,,,,,,,,,,,,,,,,,,,,,,,,,,,,,,,,,,,,,,,,
SC3,09/11/2024,15:00,Stirling,Peterhead,D Nicolson,3.1,3.2,2.15,3,3.2,2.1,3.3,3.2,2.2,3.25,3.17,2.2,3.2,3.25,2.15,3.22,3.55,2.19,3.32,3.55,2.24,3.17,3.22,2.17,1.04,2.96,2.02,2.1,1.7,2.11,1.7,2.12,1.75,2.08,1.7,1.83,1.43,0.25,1.93,1.93,1.92,1.9,1.93,1.93,1.89,1.87,1.67,1.87,,,,,,,,,,,,,,,,,,,,,,,,,,,,,,,,,,,,,,,,,,,,,,,,
SP1,08/11/2024,20:00,Vallecano,Las Palmas,,1.83,3.4,4.5,1.85,3.5,4.4,1.85,3.4,4.75,1.88,3.44,4.83,1.85,3.5,4.4,1.91,3.65,4.63,1.96,3.65,4.83,1.88,3.43,4.56,1.91,3.55,4.9,2.2,1.67,2.31,1.67,2.33,1.73,2.26,1.66,2.34,1.74,-0.5,1.88,2.02,1.9,2.03,1.9,2.06,1.87,2,1.91,2.08,,,,,,,,,,,,,,,,,,,,,,,,,,,,,,,,,,,,,,,,,,,,,,,,
SP1,09/11/2024,13:00,Real Madrid,Osasuna,,1.2,7,13,1.19,7.5,14.5,1.2,7.5,14,1.19,7.58,13.77,1.18,7,15,1.21,7.95,15.5,1.21,8,16,1.19,7.32,13.91,1.22,8,17,1.48,2.6,1.46,2.76,1.5,2.79,1.46,2.68,1.51,2.86,-2,1.95,1.95,1.95,1.93,2,1.97,1.94,1.9,2.04,1.93,,,,,,,,,,,,,,,,,,,,,,,,,,,,,,,,,,,,,,,,,,,,,,,,
SP1,09/11/2024,15:15,Villarreal,Alaves,,1.62,4,5.5,1.63,4,5,1.62,4.1,5.5,1.64,4.16,5.34,1.62,4,5.5,1.69,4.27,5.3,1.69,4.33,5.5,1.63,4.14,5.27,1.67,4.2,5.9,1.73,2.1,1.76,2.14,1.8,2.17,1.73,2.12,1.77,2.2,-1,2.05,1.75,2.11,1.79,2.13,1.82,2.07,1.79,2.13,1.84,,,,,,,,,,,,,,,,,,,,,,,,,,,,,,,,,,,,,,,,,,,,,,,,
SP1,09/11/2024,20:00,Leganes,Sevilla,,2.88,3.2,2.55,2.9,3,2.6,2.88,3,2.7,2.97,3.03,2.73,2.9,3.1,2.6,3,3.23,2.69,3.01,3.23,2.75,2.92,3.06,2.66,3,3.1,2.84,2.4,1.53,2.58,1.55,2.7,1.59,2.51,1.54,2.66,1.58,0,2.05,1.85,2.04,1.87,2.07,1.88,2.04,1.83,2.05,1.93,,,,,,,,,,,,,,,,,,,,,,,,,,,,,,,,,,,,,,,,,,,,,,,,
SP1,10/11/2024,13:00,Betis,Celta,,1.95,3.4,4,1.98,3.5,3.75,2,3.4,4,2.01,3.6,3.85,1.95,3.6,3.8,2.02,3.83,3.86,2.05,3.83,4,2,3.54,3.77,2.04,3.65,4.1,1.87,2.03,1.85,2.05,1.89,2.06,1.84,1.99,1.89,2.08,-0.5,2.02,1.88,2.02,1.88,2.05,1.89,2,1.86,2.04,1.94,,,,,,,,,,,,,,,,,,,,,,,,,,,,,,,,,,,,,,,,,,,,,,,,
SP1,10/11/2024,15:15,Mallorca,Ath Madrid,,3.6,3.1,2.2,3.75,3.1,2.15,3.75,3,2.25,3.88,2.95,2.29,3.7,3.1,2.2,3.79,3.25,2.26,3.9,3.25,2.3,3.74,3.02,2.24,3.95,3.1,2.34,2.63,1.5,2.67,1.52,2.79,1.52,2.64,1.47,2.78,1.52,0.25,2,1.9,1.98,1.93,2.04,1.93,1.96,1.87,2.02,1.96,,,,,,,,,,,,,,,,,,,,,,,,,,,,,,,,,,,,,,,,,,,,,,,,
SP1,10/11/2024,17:30,Getafe,Girona,,2.45,3.2,3,2.45,3.1,3.1,2.4,3,3.3,2.49,3.12,3.22,2.45,3,3.2,2.43,3.24,3.39,2.52,3.24,3.39,2.46,3.1,3.15,2.52,3.15,3.35,2.63,1.5,2.73,1.5,2.73,1.52,2.62,1.5,2.7,1.54,-0.25,2.1,1.8,2.12,1.81,2.14,1.82,2.06,1.79,2.12,1.86,,,,,,,,,,,,,,,,,,,,,,,,,,,,,,,,,,,,,,,,,,,,,,,,
SP1,10/11/2024,17:30,Valladolid,Ath Bilbao,,4.5,3.4,1.85,4.6,3.4,1.83,4.6,3.3,1.91,4.84,3.4,1.87,4.5,3.5,1.83,4.58,3.68,1.9,4.9,3.68,1.97,4.53,3.42,1.87,4.9,3.45,1.93,2.2,1.67,2.24,1.7,2.27,1.76,2.22,1.68,2.32,1.71,0.5,2.01,1.89,2.03,1.88,2.03,1.91,1.99,1.87,2.05,1.93,,,,,,,,,,,,,,,,,,,,,,,,,,,,,,,,,,,,,,,,,,,,,,,,
SP1,10/11/2024,20:00,Sociedad,Barcelona,,4.75,4.1,1.65,4.8,4.1,1.66,4.75,4,1.7,4.9,4.1,1.7,4.8,4.2,1.67,4.88,4.32,1.73,5,4.32,1.73,4.75,4.1,1.68,5,4.2,1.74,1.62,2.3,1.65,2.34,1.69,2.45,1.62,2.31,1.68,2.4,0.75,2.03,1.87,2.02,1.89,2.06,1.92,1.98,1.85,2.06,1.88,,,,,,,,,,,,,,,,,,,,,,,,,,,,,,,,,,,,,,,,,,,,,,,,
SP2,08/11/2024,19:30,Elche,Almeria,,2,3.5,3.6,1.95,3.3,3.5,1.91,3.25,3.6,2.04,3.51,3.86,1.95,3.5,3.5,2,3.6,3.66,2.06,3.6,3.86,2,3.41,3.64,2.08,3.55,4,1.93,1.93,1.95,1.93,1.99,1.96,1.9,1.88,1.99,1.99,-0.5,2.03,1.83,2.05,1.86,2.08,1.87,2,1.81,2.08,1.89,,,,,,,,,,,,,,,,,,,,,,,,,,,,,,,,,,,,,,,,,,,,,,,,
SP2,09/11/2024,15:15,Mirandes,Cadiz,,3.1,2.55,2.9,2.85,2.65,2.65,2.9,2.63,2.63,3.11,2.56,2.97,2.7,3,2.62,3.08,2.66,2.83,3.14,2.83,2.98,3.01,2.62,2.83,3,2.5,2.82,3.1,1.36,3.04,1.39,3.1,1.42,2.84,1.39,2.22,1.34,0,1.98,1.88,1.98,1.88,2.05,1.92,1.98,1.85,1.81,1.65,,,,,,,,,,,,,,,,,,,,,,,,,,,,,,,,,,,,,,,,,,,,,,,,
SP2,09/11/2024,17:30,Granada,Eldense,,1.62,3.9,5.25,1.63,3.6,5,1.6,3.7,5,1.61,3.9,5.57,1.7,3.7,4.6,1.65,3.92,5.25,1.67,4.1,5.7,1.62,3.83,5.3,1.59,3.85,5.7,2,1.85,1.98,1.88,2.04,1.88,1.94,1.84,2.04,1.84,-0.75,1.8,2.05,1.81,2.08,1.85,2.12,1.79,2.02,1.75,2.16,,,,,,,,,,,,,,,,,,,,,,,,,,,,,,,,,,,,,,,,,,,,,,,,
SP2,09/11/2024,17:30,Huesca,Zaragoza,,3.1,2.7,2.75,3.1,2.65,2.5,3.1,2.75,2.5,3.4,2.67,2.63,3,3,2.45,3.33,2.71,2.62,3.47,2.8,2.75,3.21,2.7,2.59,3.35,2.7,2.66,2.6,1.48,2.73,1.48,2.73,1.51,2.57,1.47,2.62,1.47,0,2.05,1.8,2.22,1.7,2.31,1.8,2.15,1.72,2.16,1.74,,,,,,,,,,,,,,,,,,,,,,,,,,,,,,,,,,,,,,,,,,,,,,,,
SP2,09/11/2024,20:00,Malaga,Cartagena,,1.75,3.5,5,1.75,3.25,4.6,1.73,3.3,4.75,1.75,3.49,5.16,1.8,3.3,4.5,1.77,3.5,4.96,1.82,3.57,5.3,1.76,3.4,4.89,1.76,3.4,5.3,2.35,1.57,2.37,1.6,2.5,1.61,2.34,1.57,2.32,1.6,-0.75,2.03,1.83,2.01,1.87,2.09,1.87,2,1.81,1.98,1.84,,,,,,,,,,,,,,,,,,,,,,,,,,,,,,,,,,,,,,,,,,,,,,,,
SP2,10/11/2024,13:00,Cordoba,Castellon,,2.55,3.2,2.8,2.3,3.4,2.65,2.3,3.4,2.7,2.4,3.53,2.86,2.15,3.7,2.9,2.38,3.68,2.76,2.55,3.68,3,2.36,3.46,2.79,2.16,3.5,2.46,1.65,2.2,1.64,2.28,1.65,2.33,1.63,2.22,1.19,2.26,-0.25,2.1,1.7,2.09,1.78,2.19,1.83,2.05,1.76,2.1,1.79,,,,,,,,,,,,,,,,,,,,,,,,,,,,,,,,,,,,,,,,,,,,,,,,
SP2,10/11/2024,15:15,Burgos,Sp Gijon,,2.45,3.1,2.9,2.4,2.9,2.95,2.38,2.9,2.9,2.65,2.72,3.28,2.38,3.2,2.88,2.47,3.16,3.02,2.66,3.16,3.28,2.52,2.9,3.07,2.6,2.84,3.15,2.35,1.57,2.49,1.55,2.49,1.61,2.35,1.57,2.42,1.59,-0.25,2.1,1.7,2.19,1.7,2.19,1.8,2.1,1.73,,,,,,,,,,,,,,,,,,,,,,,,,,,,,,,,,,,,,,,,,,,,,,,,,,
SP2,10/11/2024,15:15,Ferrol,Santander,,3.3,3.2,2.2,3,3.2,2.2,3.3,3.1,2.05,3.33,3.25,2.26,3.1,3.3,2.2,3.25,3.38,2.24,3.33,3.38,2.28,3.21,3.21,2.22,3.2,2.88,2.24,2.08,1.73,2.1,1.75,2.23,1.77,2.07,1.73,2.06,1.11,0.25,1.93,1.93,1.91,1.94,1.97,1.96,1.88,1.91,,,,,,,,,,,,,,,,,,,,,,,,,,,,,,,,,,,,,,,,,,,,,,,,,,
SP2,10/11/2024,17:30,Albacete,Oviedo,,2.38,3.4,2.88,2.35,3,2.95,2.38,3,2.88,2.55,2.87,3.24,2.38,3.25,2.88,2.41,3.28,3.01,2.55,3.4,3.24,2.44,3.01,3.05,2.48,3.1,3.1,2.15,1.67,2.24,1.67,2.25,1.7,2.17,1.66,2.26,1.68,-0.25,2.1,1.78,2.14,1.75,2.14,1.81,2.05,1.76,,,,,,,,,,,,,,,,,,,,,,,,,,,,,,,,,,,,,,,,,,,,,,,,,,
SP2,11/11/2024,19:30,La Coruna,Eibar,,1.95,3.2,4,1.93,3.2,3.75,1.91,3.25,3.6,2.03,3.34,3.85,,,,2.06,3.38,3.7,2.06,3.4,4,1.99,3.28,3.74,1.34,1.04,4,2.15,1.67,2.2,1.68,2.2,1.71,2.14,1.67,,,-0.5,2.03,1.83,2.04,1.82,2.07,1.87,1.99,1.8,,,,,,,,,,,,,,,,,,,,,,,,,,,,,,,,,,,,,,,,,,,,,,,,,,
T1,08/11/2024,17:00,Kasimpasa,Kayserispor,,1.8,3.6,4.2,1.85,3.7,3.8,1.83,3.7,4,1.86,3.87,4.16,1.85,3.8,3.7,1.9,3.99,4.01,1.9,3.99,4.2,1.86,3.77,3.89,1.93,3.95,4.3,1.65,2.2,1.68,2.27,1.71,2.38,1.65,2.22,1.76,2.3,-0.5,1.85,2,1.87,2.04,1.91,2.06,1.86,1.96,1.93,2.05,,,,,,,,,,,,,,,,,,,,,,,,,,,,,,,,,,,,,,,,,,,,,,,,
T1,09/11/2024,10:30,Antalyaspor,Bodrumspor,,2.4,3,3.25,2.5,3,2.87,2.45,3,2.9,2.45,3.08,3.27,2.38,3.1,3.1,2.5,3.14,3.25,2.51,3.25,3.27,2.44,3.09,3.06,2.5,3.15,3.4,2.25,1.62,2.35,1.63,2.37,1.65,2.29,1.61,2.34,1.67,-0.25,2.2,1.65,2.08,1.83,2.13,1.83,2.04,1.78,2.1,1.87,,,,,,,,,,,,,,,,,,,,,,,,,,,,,,,,,,,,,,,,,,,,,,,,
T1,09/11/2024,13:00,Hatayspor,Gaziantep,,2.5,3.4,2.75,2.5,3.25,2.7,2.5,3.25,2.7,2.58,3.2,2.74,2.5,3.5,2.62,2.64,3.54,2.75,2.65,3.54,2.84,2.54,3.31,2.73,2.68,3.5,2.86,1.95,1.9,1.91,1.88,2,1.95,1.92,1.87,2,1.94,0,1.83,2.03,1.84,1.96,1.92,2.08,1.86,1.98,1.91,2.04,,,,,,,,,,,,,,,,,,,,,,,,,,,,,,,,,,,,,,,,,,,,,,,,
T1,09/11/2024,16:00,Ad. Demirspor,Eyupspor,,4.75,4,1.7,4.75,4,1.65,5,4,1.62,4.72,4.01,1.68,4.6,4,1.65,4.83,4.27,1.71,4.83,4.27,1.71,4.65,4.02,1.68,4.8,4.6,1.68,1.67,2.15,1.68,2.23,1.69,2.31,1.65,2.21,1.67,2.24,0.75,1.92,1.82,1.97,1.9,2.07,1.93,1.95,1.85,2.06,1.86,,,,,,,,,,,,,,,,,,,,,,,,,,,,,,,,,,,,,,,,,,,,,,,,
T1,09/11/2024,16:00,Rizespor,Trabzonspor,,2.7,3.4,2.5,2.7,3.5,2.4,2.7,3.4,2.5,2.75,3.44,2.53,2.7,3.5,2.4,2.79,3.68,2.53,2.79,3.68,2.55,2.72,3.47,2.48,2.76,3.5,2.56,1.75,2.05,1.79,2.07,1.87,2.09,1.77,2.03,1.79,2.08,0,1.94,1.79,2.02,1.85,2.05,1.89,2.01,1.83,2.02,1.82,,,,,,,,,,,,,,,,,,,,,,,,,,,,,,,,,,,,,,,,,,,,,,,,
T1,10/11/2024,10:30,Goztep,Konyaspor,,2,3.5,3.75,2.05,3.3,3.5,2,3.3,3.75,1.99,3.25,3.73,2,3.4,3.6,2.06,3.58,3.85,2.12,3.58,3.88,2.02,3.35,3.67,2,3.25,4.2,2.1,1.7,2.08,1.69,2.17,1.77,2.1,1.71,2.2,1.69,-0.5,2.03,1.83,2,1.78,2.12,1.9,2.03,1.8,2.01,1.83,,,,,,,,,,,,,,,,,,,,,,,,,,,,,,,,,,,,,,,,,,,,,,,,
T1,10/11/2024,13:00,Galatasaray,Samsunspor,,1.42,4.75,6.5,1.43,4.75,6.25,1.36,5,7,1.4,5.1,6.86,1.4,4.8,7,1.46,4.99,7.1,1.46,5.1,7.4,1.41,4.85,6.8,1.42,5.7,7.6,1.57,2.35,1.6,2.37,1.64,2.4,1.59,2.33,1.6,2.42,-1.25,1.93,1.93,1.92,1.93,1.99,1.98,1.91,1.9,1.83,1.93,,,,,,,,,,,,,,,,,,,,,,,,,,,,,,,,,,,,,,,,,,,,,,,,
T1,10/11/2024,16:00,Buyuksehyr,Besiktas,,3,3.3,2.38,2.8,3.4,2.35,2.88,3.4,2.38,2.9,3.18,2.4,2.75,3.5,2.38,2.96,3.62,2.43,3,3.62,2.46,2.87,3.36,2.38,3,3.6,2.46,1.88,1.98,1.82,1.94,1.89,2.02,1.83,1.96,1.88,1.96,0.25,1.8,2.05,1.73,2.07,1.83,2.13,1.77,2.05,,,,,,,,,,,,,,,,,,,,,,,,,,,,,,,,,,,,,,,,,,,,,,,,,,
T1,10/11/2024,16:00,Fenerbahce,Sivasspor,,1.2,7,12,1.21,6.75,12,1.17,7.5,14,1.19,7.29,12.12,1.18,7,13,1.24,6.94,13,1.24,7.5,14,1.19,6.91,12.61,1.22,7.8,13,1.48,2.6,1.49,2.61,1.51,2.7,1.48,2.59,1.5,2.68,-2,2.03,1.83,2.01,1.83,2.07,1.87,2.01,1.82,,,,,,,,,,,,,,,,,,,,,,,,,,,,,,,,,,,,,,,,,,,,,,,,,,
